Id,Position,First Name,Nickname,Last Name,FPPG,Played,Salary,Game,Team,Opponent,Injury Indicator,Injury Details,Tier,,,Roster Position
124949-103020,WR,Puka,Puka Nacua,Nacua,20.5,15,9900,ARI@LAR,LAR,ARI,,,,,,WR/FLEX
124949-136855,RB,Bijan,Bijan Robinson,Robinson,21.65625,16,9600,NO@ATL,ATL,NO,,,,,,RB/FLEX
124949-85701,WR,Ja'Marr,Ja'Marr Chase,Chase,16.833333333333332,15,9500,CLE@CIN,CIN,CLE,,,,,,WR/FLEX
124949-129368,RB,Jahmyr,Jahmyr Gibbs,Gibbs,20.100000381469727,16,9300,DET@CHI,DET,CHI,,,,,,RB/FLEX
124949-89675,RB,Jonathan,Jonathan Taylor,Taylor,21.837499618530273,16,9200,IND@HOU,IND,HOU,,,,,,RB/FLEX
124949-86997,WR,Amon-Ra,Amon-Ra St. Brown,St. Brown,16.131250381469727,16,9100,DET@CHI,DET,CHI,Q,Knee,,,,WR/FLEX
124949-91626,RB,James,James Cook III,Cook III,19.450000762939453,16,9000,NYJ@BUF,BUF,NYJ,,,,,,RB/FLEX
124949-86631,WR,CeeDee,CeeDee Lamb,Lamb,15.041666666666666,12,9000,DAL@NYG,DAL,NYG,,,,,,WR/FLEX
124949-62239,QB,Josh,Josh Allen,Allen,23.97624969482422,16,9000,NYJ@BUF,BUF,NYJ,Q,Foot,,,,QB
124949-110246,WR,George,George Pickens,Pickens,16.1875,16,8800,DAL@NYG,DAL,NYG,,,,,,WR/FLEX
124949-64401,RB,Saquon,Saquon Barkley,Barkley,13.925000190734863,16,8800,WAS@PHI,PHI,WAS,,,,,,RB/FLEX
124949-63336,QB,Joe,Joe Burrow,Burrow,17.617142813546316,7,8700,CLE@CIN,CIN,CLE,,,,,,QB
124949-138820,RB,De'Von,De'Von Achane,Achane,18.831249237060547,16,8600,MIA@NE,MIA,NE,,,,,,RB/FLEX
124949-152316,QB,Drake,Drake Maye,Maye,21.670000076293945,16,8600,MIA@NE,NE,MIA,,,,,,QB
124949-72846,WR,A.J.,A.J. Brown,Brown,13.086666870117188,15,8500,WAS@PHI,PHI,WAS,,,,,,WR/FLEX
124949-69531,QB,Jalen,Jalen Hurts,Hurts,19.25374984741211,16,8500,WAS@PHI,PHI,WAS,,,,,,QB
124949-91419,WR,Nico,Nico Collins,Collins,13.313333129882812,15,8400,IND@HOU,HOU,IND,,,,,,WR/FLEX
124949-6654,QB,Matthew,Matthew Stafford,Stafford,21.482500076293945,16,8400,ARI@LAR,LAR,ARI,,,,,,QB
124949-72731,RB,Josh,Josh Jacobs,Jacobs,14.606667073567708,15,8300,GB@MIN,GB,MIN,,,,,,RB/FLEX
124949-87770,WR,Chris,Chris Olave,Olave,14.25,16,8300,NO@ATL,NO,ATL,,,,,,WR/FLEX
124949-31716,QB,Dak,Dak Prescott,Prescott,21.3174991607666,16,8300,DAL@NYG,DAL,NYG,,,,,,QB
124949-89493,RB,Chase,Chase Brown,Brown,15.006250381469727,16,8200,CLE@CIN,CIN,CLE,,,,,,RB/FLEX
124949-91750,TE,Trey,Trey McBride,McBride,15.743749618530273,16,8200,ARI@LAR,ARI,LAR,,,,,,TE/FLEX
124949-89951,QB,Trevor,Trevor Lawrence,Lawrence,20.61750030517578,16,8200,TEN@JAC,JAC,TEN,,,,,,QB
124949-69189,QB,Justin,Justin Herbert,Herbert,19.49250030517578,16,8100,LAC@DEN,LAC,DEN,,,,,,QB
124949-45889,WR,Davante,Davante Adams,Adams,13.992856706891741,14,8000,ARI@LAR,LAR,ARI,Q,Hamstring,,,,WR/FLEX
124949-104433,RB,Kyren,Kyren Williams,Williams,14.918749809265137,16,7900,ARI@LAR,LAR,ARI,,,,,,RB/FLEX
124949-112745,WR,Drake,Drake London,London,15.190909645774148,11,7800,NO@ATL,ATL,NO,,,,,,WR/FLEX
124949-152113,QB,Caleb,Caleb Williams,Williams,19.350000381469727,16,7800,DET@CHI,CHI,DET,,,,,,QB
124949-38435,QB,Jared,Jared Goff,Goff,18.988750457763672,16,7700,DET@CHI,DET,CHI,,,,,,QB
124949-89956,RB,Travis,Travis Etienne Jr.,Etienne Jr.,14.850000381469727,16,7700,TEN@JAC,JAC,TEN,,,,,,RB/FLEX
124949-88431,QB,Tyler,Tyler Shough,Shough,14.719999694824219,10,7600,NO@ATL,NO,ATL,,,,,,QB
124949-93541,RB,Javonte,Javonte Williams,Williams,14.456250190734863,16,7500,DAL@NYG,DAL,NYG,Q,Shoulder,,,,RB/FLEX
124949-30231,QB,Jacoby,Jacoby Brissett,Brissett,17.755385178786057,13,7500,ARI@LAR,ARI,LAR,,,,,,QB
124949-85671,WR,Justin,Justin Jefferson,Jefferson,9.443750381469727,16,7500,GB@MIN,MIN,GB,,,,,,WR/FLEX
124949-167031,RB,Ashton,Ashton Jeanty,Jeanty,13.293749809265137,16,7400,KC@LV,LV,KC,,,,,,RB/FLEX
124949-69017,QB,Jordan,Jordan Love,Love,16.475999959309895,15,7400,GB@MIN,GB,MIN,Q,Concussion,,,,QB
124949-87691,QB,Malik,Malik Willis,Willis,12.795000076293945,4,7400,GB@MIN,GB,MIN,Q,Shoulder,,,,QB
124949-89981,WR,Tee,Tee Higgins,Higgins,12.099999564034599,14,7400,CLE@CIN,CIN,CLE,,,,,,WR/FLEX
124949-129471,QB,C.J.,C.J. Stroud,Stroud,15.55999990609976,13,7300,IND@HOU,HOU,IND,,,,,,QB
124949-89612,WR,Michael,Michael Wilson,Wilson,10.762499809265137,16,7300,ARI@LAR,ARI,LAR,,,,,,WR/FLEX
124949-103064,RB,Breece,Breece Hall,Hall,12.603750228881836,16,7300,NYJ@BUF,NYJ,BUF,Q,Knee,,,,RB/FLEX
124949-111631,WR,Jameson,Jameson Williams,Williams,11.8125,16,7200,DET@CHI,DET,CHI,,,,,,WR/FLEX
124949-102965,QB,Bo,Bo Nix,Nix,19.831249237060547,16,7200,LAC@DEN,DEN,LAC,,,,,,QB
124949-110484,RB,RJ,RJ Harvey,Harvey,11.206250190734863,16,7200,LAC@DEN,DEN,LAC,,,,,,RB/FLEX
124949-151966,QB,Jaxson,Jaxson Dart,Dart,17.398460975060097,13,7100,DAL@NYG,NYG,DAL,,,,,,QB
124949-90576,WR,DeVonta,DeVonta Smith,Smith,10.162500381469727,16,7100,WAS@PHI,PHI,WAS,,,,,,WR/FLEX
124949-57403,WR,Courtland,Courtland Sutton,Sutton,11.731249809265137,16,7000,LAC@DEN,DEN,LAC,,,,,,WR/FLEX
124949-152647,RB,TreVeyon,TreVeyon Henderson,Henderson,11.087499618530273,16,7000,MIA@NE,NE,MIA,,,,,,RB/FLEX
124949-133472,WR,Ladd,Ladd McConkey,McConkey,9.618749618530273,16,6900,LAC@DEN,LAC,DEN,,,,,,WR/FLEX
124949-138774,RB,Woody,Woody Marks,Marks,8.886666870117187,15,6900,IND@HOU,HOU,IND,,,,,,RB/FLEX
124949-152575,QB,J.J.,J.J. McCarthy,McCarthy,14.377777099609375,9,6900,GB@MIN,MIN,GB,Q,Hand,,,,QB
124949-174215,RB,Omarion,Omarion Hampton,Hampton,13.633332994249132,9,6800,LAC@DEN,LAC,DEN,,,,,,RB/FLEX
124949-90573,WR,Jaylen,Jaylen Waddle,Waddle,10.319999694824219,16,6800,MIA@NE,MIA,NE,,,,,,WR/FLEX
124949-22038,QB,Kirk,Kirk Cousins,Cousins,11.259999593098959,9,6800,NO@ATL,ATL,NO,,,,,,QB
124949-25079,WR,Stefon,Stefon Diggs,Diggs,11.0625,16,6700,MIA@NE,NE,MIA,,,,,,WR/FLEX
124949-40442,RB,Aaron,Aaron Jones Sr.,Jones Sr.,8.72499974568685,12,6700,GB@MIN,MIN,GB,,,,,,RB/FLEX
124949-29358,QB,Marcus,Marcus Mariota,Mariota,13.25,10,6700,WAS@PHI,WAS,PHI,Q,Hand,,,,QB
124949-137967,RB,Blake,Blake Corum,Corum,7.112500190734863,16,6600,ARI@LAR,LAR,ARI,Q,Ankle,,,,RB/FLEX
124949-169776,WR,Christian,Christian Watson,Watson,11.79000015258789,10,6600,GB@MIN,GB,MIN,,,,,,WR/FLEX
124949-184183,QB,Shedeur,Shedeur Sanders,Sanders,13.265714372907366,7,6600,CLE@CIN,CLE,CIN,,,,,,QB
124949-63634,WR,Jakobi,Jakobi Meyers,Meyers,8.759999593098959,15,6500,TEN@JAC,JAC,TEN,,,,,,WR/FLEX
124949-91598,RB,D'Andre,D'Andre Swift,Swift,14.353333536783854,15,6500,DET@CHI,CHI,DET,,,,,,RB/FLEX
124949-26483,QB,Geno,Geno Smith,Smith,12.926666259765625,15,6500,KC@LV,LV,KC,D,Ankle,,,,QB
124949-92020,QB,Kenny,Kenny Pickett,Pickett,1.9399999618530273,5,6500,KC@LV,LV,KC,,,,,,QB
124949-160938,QB,Quinn,Quinn Ewers,Ewers,8.766666412353516,3,6400,MIA@NE,MIA,NE,,,,,,QB
124949-120033,WR,Rome,Rome Odunze,Odunze,10.841667175292969,12,6400,DET@CHI,CHI,DET,Q,Foot,,,,WR/FLEX
124949-168356,QB,Cam,Cam Ward,Ward,11.529999732971191,16,6400,TEN@JAC,TEN,JAC,,,,,,QB
124949-73273,RB,David,David Montgomery,Montgomery,9.494999885559082,16,6400,DET@CHI,DET,CHI,,,,,,RB/FLEX
124949-7968,QB,Philip,Philip Rivers,Rivers,11.553333282470703,3,6400,IND@HOU,IND,HOU,,,,,,QB
124949-154450,QB,Riley,Riley Leonard,Leonard,2.5999999046325684,4,6400,IND@HOU,IND,HOU,,,,,,QB
124949-56250,WR,Terry,Terry McLaurin,McLaurin,9.722222222222221,9,6400,WAS@PHI,WAS,PHI,,,,,,WR/FLEX
124949-103539,WR,Wan'Dale,Wan'Dale Robinson,Robinson,11.306249618530273,16,6300,DAL@NYG,NYG,DAL,,,,,,WR/FLEX
124949-73398,QB,Chris,Chris Oladokun,Oladokun,6.440000057220459,2,6300,KC@LV,KC,LV,,,,,,QB
124949-120639,WR,Quentin,Quentin Johnston,Johnston,11.438461303710938,13,6300,LAC@DEN,LAC,DEN,,,,,,WR/FLEX
124949-8023,QB,Josh,Josh Johnson,Johnson,4.820000171661377,2,6300,WAS@PHI,WAS,PHI,,,,,,QB
124949-119641,QB,Brady,Brady Cook,Cook,6.590000152587891,4,6300,NYJ@BUF,NYJ,BUF,,,,,,QB
124949-111540,RB,Rhamondre,Rhamondre Stevenson,Stevenson,9.884615384615385,13,6300,MIA@NE,NE,MIA,,,,,,RB/FLEX
124949-200653,QB,Max,Max Brosmer,Brosmer,1.3233333428700764,6,6300,GB@MIN,MIN,GB,,,,,,QB
124949-86080,TE,Kyle,Kyle Pitts Sr.,Pitts Sr.,10.0625,16,6200,NO@ATL,ATL,NO,,,,,,TE/FLEX
124949-91390,QB,Joe,Joe Milton III,Milton III,2.0333333015441895,3,6200,DAL@NYG,DAL,NYG,,,,,,QB
124949-137516,WR,Parker,Parker Washington,Washington,9.633333333333333,15,6200,TEN@JAC,JAC,TEN,,,,,,WR/FLEX
124949-54604,QB,Jimmy,Jimmy Garoppolo,Garoppolo,-0.3499999940395355,2,6200,ARI@LAR,LAR,ARI,,,,,,QB
124949-93539,RB,Michael,Michael Carter,Carter,6.424999872843425,12,6200,ARI@LAR,ARI,LAR,,,,,,RB/FLEX
124949-63043,WR,DJ,DJ Moore,Moore,8.973750114440918,16,6200,DET@CHI,CHI,DET,,,,,,WR/FLEX
124949-69304,QB,Kyle,Kyle Trask,Trask,-0.05000000074505806,4,6200,NO@ATL,ATL,NO,,,,,,QB
124949-14377,QB,Tyrod,Tyrod Taylor,Taylor,10.743333180745443,6,6100,NYJ@BUF,NYJ,BUF,,,,,,QB
124949-166092,WR,Luther,Luther Burden III,Burden III,7.4571429661342075,14,6100,DET@CHI,CHI,DET,Q,Quadriceps,,,,WR/FLEX
124949-129315,QB,Anthony,Anthony Richardson Sr.,Richardson Sr.,0.8299999833106995,2,6100,IND@HOU,IND,HOU,IR,Eye,,,,QB
124949-90428,RB,Tyler,Tyler Allgeier,Allgeier,7.099999904632568,16,6100,NO@ATL,ATL,NO,,,,,,RB/FLEX
124949-90572,QB,Tua,Tua Tagovailoa,Tagovailoa,12.764285496303014,14,6100,MIA@NE,MIA,NE,,,,,,QB
124949-6714,QB,Joe,Joe Flacco,Flacco,13.538333892822266,12,6100,CLE@CIN,CIN,CLE,,,,,,QB
124949-29253,WR,Keenan,Keenan Allen,Allen,8.631250381469727,16,6100,LAC@DEN,LAC,DEN,,,,,,WR/FLEX
124949-172699,TE,Harold,Harold Fannin Jr.,Fannin Jr.,9.587499618530273,16,6100,CLE@CIN,CLE,CIN,Q,Groin,,,,TE/FLEX
124949-90813,QB,Clayton,Clayton Tune,Tune,-0.6800000071525574,1,6100,GB@MIN,GB,MIN,,,,,,QB
124949-53095,QB,Kyle,Kyle Allen,Allen,-0.15000000596046448,2,6100,DET@CHI,DET,CHI,,,,,,QB
124949-86047,RB,Malik,Malik Davis,Davis,4.733333163791233,9,6000,DAL@NYG,DAL,NYG,,,,,,RB/FLEX
124949-63519,QB,Daniel,Daniel Jones,Jones,18.495384803185097,13,6000,IND@HOU,IND,HOU,IR,Achilles,,,,QB
124949-86081,QB,Emory,Emory Jones,Jones,,0,6000,NO@ATL,ATL,NO,IR,Concussion,,,,QB
124949-152646,QB,Kyle,Kyle McCord,McCord,,0,6000,WAS@PHI,PHI,WAS,,,,,,QB
124949-152651,WR,Marvin,Marvin Harrison Jr.,Harrison Jr.,8.941666920979818,12,6000,ARI@LAR,ARI,LAR,Q,Foot,,,,WR/FLEX
124949-57439,QB,Patrick,Patrick Mahomes,Mahomes,21.584285191127233,14,6000,KC@LV,KC,LV,IR,Knee - acl,,,,QB
124949-52342,QB,Will,Will Grier,Grier,,0,6000,DAL@NYG,DAL,NYG,,,,,,QB
124949-104576,QB,Sam,Sam Howell,Howell,0.07999999821186066,2,6000,WAS@PHI,PHI,WAS,,,,,,QB
124949-103591,QB,Graham,Graham Mertz,Mertz,,0,6000,IND@HOU,HOU,IND,,,,,,QB
124949-86200,QB,Sean,Sean Clifford,Clifford,,0,6000,CLE@CIN,CIN,CLE,,,,,,QB
124949-149696,QB,Trey,Trey Lance,Lance,1.7333332697550456,3,6000,LAC@DEN,LAC,DEN,,,,,,QB
124949-151745,WR,Brian,Brian Thomas Jr.,Thomas Jr.,8.33846165583684,13,6000,TEN@JAC,JAC,TEN,,,,,,WR/FLEX
124949-93382,QB,Aidan,Aidan O'Connell,O'Connell,11.164444817437065,9,6000,KC@LV,LV,KC,,,,,,QB
124949-69833,QB,Shane,Shane Buechele,Buechele,,0,6000,KC@LV,KC,LV,,,,,,QB
124949-45259,QB,Logan,Logan Woodside,Woodside,,0,6000,ARI@LAR,ARI,LAR,,,,,,QB
124949-86243,QB,Will,Will Levis,Levis,10.995000203450521,12,6000,TEN@JAC,TEN,JAC,IR,Shoulder,,,,QB
124949-24849,QB,Jameis,Jameis Winston,Winston,15.926666259765625,3,6000,DAL@NYG,NYG,DAL,,,,,,QB
124949-103698,QB,Dillon,Dillon Gabriel,Gabriel,7.208000183105469,10,6000,CLE@CIN,CLE,CIN,Q,Shoulder,,,,QB
124949-90406,QB,Zach,Zach Wilson,Wilson,0.4599999984105428,3,6000,MIA@NE,MIA,NE,,,,,,QB
124949-27986,QB,C.J.,C.J. Beathard,Beathard,,0,6000,DET@CHI,DET,CHI,,,,,,QB
124949-61798,QB,Gardner,Gardner Minshew II,Minshew II,0.17000000178813934,4,6000,KC@LV,KC,LV,IR,Knee,,,,QB
124949-102785,QB,Jayden,Jayden Daniels,Daniels,16.754285539899552,7,6000,WAS@PHI,WAS,PHI,O,Elbow,,,,QB
124949-92560,QB,Sam,Sam Ehlinger,Ehlinger,0,1,6000,LAC@DEN,DEN,LAC,,,,,,QB
124949-103824,QB,Easton,Easton Stick,Stick,,0,6000,NO@ATL,ATL,NO,,,,,,QB
124949-60840,QB,Jake,Jake Browning,Browning,11.34800033569336,5,6000,CLE@CIN,CIN,CLE,,,,,,QB
124949-185776,QB,Tyson,Tyson Bagent,Bagent,1.2899999618530273,2,6000,DET@CHI,CHI,DET,,,,,,QB
124949-117178,RB,Jacory,Jacory Croskey-Merritt,Croskey-Merritt,8.681249618530273,16,6000,WAS@PHI,WAS,PHI,,,,,,RB/FLEX
124949-91583,QB,Stetson,Stetson Bennett IV,Bennett IV,0,1,6000,ARI@LAR,LAR,ARI,,,,,,QB
124949-31170,QB,Brandon,Brandon Allen,Allen,2.7866665522257485,3,6000,TEN@JAC,TEN,JAC,,,,,,QB
124949-91591,QB,Justin,Justin Fields,Fields,15.962222629123264,9,6000,NYJ@BUF,NYJ,BUF,IR,Knee,,,,QB
124949-22994,QB,Case,Case Keenum,Keenum,,0,6000,DET@CHI,CHI,DET,,,,,,QB
124949-40407,QB,Joshua,Joshua Dobbs,Dobbs,0.3933333158493042,3,6000,MIA@NE,NE,MIA,,,,,,QB
124949-45565,TE,Taysom,Taysom Hill,Hill,2.631666660308838,12,6000,NO@ATL,NO,ATL,,,,,,TE/FLEX
124949-22015,QB,Russell,Russell Wilson,Wilson,9.306666692097982,6,6000,DAL@NYG,NYG,DAL,,,,,,QB
124949-89607,QB,Tanner,Tanner McKee,McKee,0.6066666841506958,3,6000,WAS@PHI,PHI,WAS,,,,,,QB
124949-60947,QB,Jarrett,Jarrett Stidham,Stidham,-0.10000000149011612,1,6000,LAC@DEN,DEN,LAC,,,,,,QB
124949-102933,QB,Kedon,Kedon Slovis,Slovis,-0.03999999910593033,2,6000,ARI@LAR,ARI,LAR,,,,,,QB
124949-89628,QB,Davis,Davis Mills,Mills,13.391999816894531,5,6000,IND@HOU,HOU,IND,,,,,,QB
124949-94748,QB,Tommy,Tommy DeVito,DeVito,6.739999771118164,2,6000,MIA@NE,NE,MIA,,,,,,QB
124949-87594,QB,Sam,Sam Hartman,Hartman,,0,6000,WAS@PHI,WAS,PHI,,,,,,QB
124949-30253,QB,Jeff,Jeff Driskel,Driskel,0,1,6000,WAS@PHI,WAS,PHI,,,,,,QB
124949-208467,QB,Cam,Cam Miller,Miller,,0,6000,KC@LV,LV,KC,,,,,,QB
124949-41562,QB,Nick,Nick Mullens,Mullens,-0.1599999964237213,3,6000,TEN@JAC,JAC,TEN,,,,,,QB
124949-70324,QB,Carson,Carson Wentz,Wentz,16.267999267578126,5,6000,GB@MIN,MIN,GB,IR,Shoulder,,,,QB
124949-56018,WR,Deebo,Deebo Samuel Sr.,Samuel Sr.,9.940000406901042,15,6000,WAS@PHI,WAS,PHI,,,,,,WR/FLEX
124949-139985,QB,Bailey,Bailey Zappe,Zappe,4.5,2,6000,CLE@CIN,CLE,CIN,,,,,,QB
124949-88797,QB,Michael,Michael Penix Jr.,Penix Jr.,14.03111097547743,9,6000,NO@ATL,ATL,NO,IR,Knee - acl,,,,QB
124949-38628,QB,Mitchell,Mitchell Trubisky,Trubisky,0.753333330154419,3,6000,NYJ@BUF,BUF,NYJ,,,,,,QB
124949-61157,QB,Brett,Brett Rypien,Rypien,0,1,6000,GB@MIN,MIN,GB,,,,,,QB
124949-86793,QB,Jake,Jake Haener,Haener,1.7799999713897705,8,6000,NO@ATL,NO,ATL,,,,,,QB
124949-28434,QB,Trevor,Trevor Siemian,Siemian,,0,6000,TEN@JAC,TEN,JAC,,,,,,QB
124949-92975,QB,Malik,Malik Cunningham,Cunningham,0.10000000149011612,1,6000,DET@CHI,DET,CHI,,,,,,QB
124949-88937,QB,Carter,Carter Bradley,Bradley,,0,6000,TEN@JAC,JAC,TEN,,,,,,QB
124949-56192,QB,John,John Wolford,Wolford,,0,6000,GB@MIN,MIN,GB,,,,,,QB
124949-111557,QB,Spencer,Spencer Rattler,Rattler,11.515555487738716,9,6000,NO@ATL,NO,ATL,,,,,,QB
124949-85983,QB,Hendon,Hendon Hooker,Hooker,0.6700000166893005,4,6000,NYJ@BUF,NYJ,BUF,,,,,,QB
124949-129010,QB,DJ,DJ Uiagalelei,Uiagalelei,,0,6000,LAC@DEN,LAC,DEN,,,,,,QB
124949-63484,QB,Kyler,Kyler Murray,Murray,16.155999755859376,5,6000,ARI@LAR,ARI,LAR,IR,Foot,,,,QB
124949-87127,RB,Chris,Chris Rodriguez Jr.,Rodriguez Jr.,6.881817904385653,11,5900,WAS@PHI,WAS,PHI,Q,Illness,,,,RB/FLEX
124949-86153,RB,Tyrone,Tyrone Tracy Jr.,Tracy Jr.,8.492857251848493,14,5900,DAL@NYG,NYG,DAL,,,,,,RB/FLEX
124949-69777,WR,Darnell,Darnell Mooney,Mooney,4.48571423121861,14,5900,NO@ATL,ATL,NO,,,,,,WR/FLEX
124949-94370,WR,Romeo,Romeo Doubs,Doubs,8.618749618530273,16,5900,GB@MIN,GB,MIN,,,,,,WR/FLEX
124949-129210,WR,Jordan,Jordan Addison,Addison,9.13846177321214,13,5900,GB@MIN,MIN,GB,,,,,,WR/FLEX
124949-89680,TE,Jake,Jake Ferguson,Ferguson,9.131250381469727,16,5900,DAL@NYG,DAL,NYG,Q,Calf,,,,TE/FLEX
124949-144102,RB,Kyle,Kyle Monangai,Monangai,8.643750190734863,16,5900,DET@CHI,CHI,DET,,,,,,RB/FLEX
124949-63759,RB,Tony,Tony Pollard,Pollard,10.643750190734863,16,5800,TEN@JAC,TEN,JAC,,,,,,RB/FLEX
124949-137530,TE,Tyler,Tyler Warren,Warren,9.087499618530273,16,5800,IND@HOU,IND,HOU,,,,,,TE/FLEX
124949-89455,WR,Jayden,Jayden Reed,Reed,7.8,5,5800,GB@MIN,GB,MIN,,,,,,WR/FLEX
124949-110974,WR,Malik,Malik Washington,Washington,5.212500095367432,16,5800,MIA@NE,MIA,NE,,,,,,WR/FLEX
124949-92575,RB,Isiah,Isiah Pacheco,Pacheco,5.984615619365986,13,5800,KC@LV,KC,LV,,,,,,RB/FLEX
124949-157150,RB,Audric,Audric Estime,Estime,7.25,4,5800,NO@ATL,NO,ATL,,,,,,RB/FLEX
124949-86518,WR,Khalil,Khalil Shakir,Shakir,8.337499618530273,16,5800,NYJ@BUF,BUF,NYJ,,,,,,WR/FLEX
124949-69213,WR,Michael,Michael Pittman Jr.,Pittman Jr.,10.206250190734863,16,5800,IND@HOU,IND,HOU,,,,,,WR/FLEX
124949-83074,TE,Dallas,Dallas Goedert,Goedert,10.540000406901042,15,5700,WAS@PHI,PHI,WAS,,,,,,TE/FLEX
124949-103619,WR,Tre,Tre Tucker,Tucker,8.237500190734863,16,5700,KC@LV,LV,KC,,,,,,WR/FLEX
124949-151789,WR,Adonai,Adonai Mitchell,Mitchell,5.066666666666666,15,5700,NYJ@BUF,NYJ,BUF,,,,,,WR/FLEX
124949-151806,RB,Raheim,Raheim Sanders,Sanders,5,3,5700,CLE@CIN,CLE,CIN,,,,,,RB/FLEX
124949-151903,WR,Troy,Troy Franklin,Franklin,9.037500381469727,16,5700,LAC@DEN,DEN,LAC,,,,,,WR/FLEX
124949-174486,RB,Dylan,Dylan Sampson,Sampson,4.692856924874442,14,5700,CLE@CIN,CLE,CIN,,,,,,RB/FLEX
124949-185861,RB,Emanuel,Emanuel Wilson,Wilson,5.293749809265137,16,5700,GB@MIN,GB,MIN,,,,,,RB/FLEX
124949-147315,WR,Jayden,Jayden Higgins,Higgins,6.231249809265137,16,5700,IND@HOU,HOU,IND,,,,,,WR/FLEX
124949-61555,WR,David,David Sills V,Sills V,3.5,11,5600,NO@ATL,ATL,NO,,,,,,WR/FLEX
124949-45229,RB,Kareem,Kareem Hunt,Hunt,8.399999618530273,16,5600,KC@LV,KC,LV,,,,,,RB/FLEX
124949-183488,WR,Isaac,Isaac TeSlaa,TeSlaa,5.046153728778545,13,5600,DET@CHI,DET,CHI,,,,,,WR/FLEX
124949-129305,WR,Josh,Josh Downs,Downs,6.653333536783854,15,5600,IND@HOU,IND,HOU,,,,,,WR/FLEX
124949-60858,WR,Christian,Christian Kirk,Kirk,4.3700000762939455,10,5600,IND@HOU,HOU,IND,,,,,,WR/FLEX
124949-128693,RB,Tank,Tank Bigsby,Bigsby,2.7285714830671037,14,5600,WAS@PHI,PHI,WAS,,,,,,RB/FLEX
124949-55042,TE,Dalton,Dalton Schultz,Schultz,7.962500095367432,16,5600,IND@HOU,HOU,IND,,,,,,TE/FLEX
124949-119653,WR,Kayshon,Kayshon Boutte,Boutte,8.246153611403246,13,5600,MIA@NE,NE,MIA,Q,Concussion,,,,WR/FLEX
124949-70603,RB,Devin,Devin Singletary,Singletary,5.574999809265137,16,5600,DAL@NYG,NYG,DAL,,,,,,RB/FLEX
124949-42104,RB,Alvin,Alvin Kamara,Kamara,7.654545177112926,11,5500,NO@ATL,NO,ATL,Q,Knee - mcl,,,,RB/FLEX
124949-158974,WR,Xavier,Xavier Worthy,Worthy,6.350000108991351,14,5500,KC@LV,KC,LV,,,,,,WR/FLEX
124949-120093,WR,Marvin,Marvin Mims Jr.,Mims Jr.,5.178571428571429,14,5500,LAC@DEN,DEN,LAC,,,,,,WR/FLEX
124949-201233,WR,Ryan,Ryan Flournoy,Flournoy,7.558333079020183,12,5500,DAL@NYG,DAL,NYG,Q,Knee,,,,WR/FLEX
124949-128633,RB,Kimani,Kimani Vidal,Vidal,9.783333460489908,12,5500,LAC@DEN,LAC,DEN,Q,Neck,,,,RB/FLEX
124949-172861,WR,Elic,Elic Ayomanor,Ayomanor,5.966666666666667,15,5500,TEN@JAC,TEN,JAC,,,,,,WR/FLEX
124949-86875,RB,Jordan,Jordan Mason,Mason,7.7,15,5500,GB@MIN,MIN,GB,Q,Ankle,,,,RB/FLEX
124949-40845,TE,Hunter,Hunter Henry,Henry,8.981249809265137,16,5500,MIA@NE,NE,MIA,,,,,,TE/FLEX
124949-64496,WR,Olamide,Olamide Zaccheaus,Zaccheaus,4.664285932268415,14,5500,DET@CHI,CHI,DET,Q,Illness,,,,WR/FLEX
124949-129112,WR,Chimere,Chimere Dike,Dike,6.118750095367432,16,5400,TEN@JAC,TEN,JAC,,,,,,WR/FLEX
124949-103587,TE,Brenton,Brenton Strange,Strange,7.345454822887074,11,5400,TEN@JAC,JAC,TEN,,,,,,TE/FLEX
124949-52451,RB,Samaje,Samaje Perine,Perine,4.478571483067104,14,5400,CLE@CIN,CIN,CLE,,,,,,RB/FLEX
124949-86312,WR,Alec,Alec Pierce,Pierce,9.685714721679688,14,5400,IND@HOU,IND,HOU,,,,,,WR/FLEX
124949-63819,WR,Darius,Darius Slayton,Slayton,5.607692425067608,13,5400,DAL@NYG,NYG,DAL,,,,,,WR/FLEX
124949-94579,RB,Emari,Emari Demercado,Demercado,4.145454406738281,11,5400,ARI@LAR,ARI,LAR,,,,,,RB/FLEX
124949-154000,WR,Konata,Konata Mumpfield,Mumpfield,2.2444445292154946,9,5400,ARI@LAR,LAR,ARI,,,,,,WR/FLEX
124949-90561,WR,Jerry,Jerry Jeudy,Jeudy,5.78125,16,5400,CLE@CIN,CLE,CIN,,,,,,WR/FLEX
124949-158438,TE,Oronde,Oronde Gadsden II,Gadsden II,7.614285605294364,14,5400,LAC@DEN,LAC,DEN,,,,,,TE/FLEX
124949-29501,WR,Brandin,Brandin Cooks,Cooks,3.3000001173753004,13,5400,NYJ@BUF,BUF,NYJ,,,,,,WR/FLEX
124949-151741,WR,Jack,Jack Bech,Bech,2.9454546841708096,11,5300,KC@LV,LV,KC,Q,Back,,,,WR/FLEX
124949-185593,WR,Andrei,Andrei Iosivas,Iosivas,5.100000108991351,14,5300,CLE@CIN,CIN,CLE,,,,,,WR/FLEX
124949-64808,TE,Juwan,Juwan Johnson,Johnson,8.487500190734863,16,5300,NO@ATL,NO,ATL,,,,,,TE/FLEX
124949-136538,WR,Kyle,Kyle Williams,Williams,3.361538520226112,13,5300,MIA@NE,NE,MIA,,,,,,WR/FLEX
124949-112041,WR,Isaiah,Isaiah Williams,Williams,3.0153846740722656,13,5300,NYJ@BUF,NYJ,BUF,,,,,,WR/FLEX
124949-27229,RB,Ameer,Ameer Abdullah,Abdullah,2.0333333015441895,12,5300,IND@HOU,IND,HOU,,,,,,RB/FLEX
124949-86687,WR,Hollywood,Hollywood Brown,Brown,7.020000203450521,15,5300,KC@LV,KC,LV,,,,,,WR/FLEX
124949-55987,WR,JuJu,JuJu Smith-Schuster,Smith-Schuster,3.646666717529297,15,5300,KC@LV,KC,LV,,,,,,WR/FLEX
124949-166588,TE,Colston,Colston Loveland,Loveland,7.933333333333334,15,5300,DET@CHI,CHI,DET,,,,,,TE/FLEX
124949-103308,RB,Jawhar,Jawhar Jordan,Jordan,9.633333206176758,3,5300,IND@HOU,HOU,IND,,,,,,RB/FLEX
124949-145558,TE,Dalton,Dalton Kincaid,Kincaid,9.663636641068893,11,5200,NYJ@BUF,BUF,NYJ,Q,Knee,,,,TE/FLEX
124949-111876,WR,DeMario,DeMario Douglas,Douglas,5.293333435058594,15,5200,MIA@NE,NE,MIA,,,,,,WR/FLEX
124949-102696,WR,John,John Metchie III,Metchie III,4.325000127156575,12,5200,NYJ@BUF,NYJ,BUF,,,,,,WR/FLEX
124949-33076,TE,Travis,Travis Kelce,Kelce,9.53125,16,5200,KC@LV,KC,LV,,,,,,TE/FLEX
124949-27050,WR,Tyler,Tyler Lockett,Lockett,3.1312499046325684,16,5200,KC@LV,LV,KC,,,,,,WR/FLEX
124949-160213,RB,Isaiah,Isaiah Davis,Davis,3.793750047683716,16,5200,NYJ@BUF,NYJ,BUF,Q,Concussion,,,,RB/FLEX
124949-129546,WR,Tre',Tre' Harris,Harris,3.373333231608073,15,5200,LAC@DEN,LAC,DEN,,,,,,WR/FLEX
124949-152103,RB,Jaylen,Jaylen Wright,Wright,5.712500095367432,8,5200,MIA@NE,MIA,NE,,,,,,RB/FLEX
124949-103083,WR,Theo,Theo Wease Jr.,Wease Jr.,8.5,2,5200,MIA@NE,MIA,NE,,,,,,WR/FLEX
124949-138998,TE,Michael,Michael Mayer,Mayer,4.174999872843425,12,5200,KC@LV,LV,KC,,,,,,TE/FLEX
124949-160620,RB,Bhayshul,Bhayshul Tuten,Tuten,5.378571646554129,14,5200,TEN@JAC,JAC,TEN,Q,Finger,,,,RB/FLEX
124949-91055,WR,Kevin,Kevin Austin Jr.,Austin Jr.,5.199999809265137,4,5200,NO@ATL,NO,ATL,,,,,,WR/FLEX
124949-166916,WR,Matthew,Matthew Golden,Golden,4.16923082791842,13,5100,GB@MIN,GB,MIN,,,,,,WR/FLEX
124949-69860,RB,Trayveon,Trayveon Williams,Williams,2.1200000762939455,5,5100,CLE@CIN,CLE,CIN,,,,,,RB/FLEX
124949-88297,TE,Chig,Chig Okonkwo,Okonkwo,5.925000190734863,16,5100,TEN@JAC,TEN,JAC,,,,,,TE/FLEX
124949-56648,RB,Jeremy,Jeremy McNichols,McNichols,3.906666564941406,15,5100,WAS@PHI,WAS,PHI,,,,,,RB/FLEX
124949-71031,WR,Lil'Jordan,Lil'Jordan Humphrey,Humphrey,4.01428576878139,7,5100,LAC@DEN,DEN,LAC,,,,,,WR/FLEX
124949-25011,TE,Darren,Darren Waller,Waller,9.587499618530273,8,5100,MIA@NE,MIA,NE,,,,,,TE/FLEX
124949-89588,TE,Colby,Colby Parkinson,Parkinson,6.976922842172476,13,5100,ARI@LAR,LAR,ARI,,,,,,TE/FLEX
124949-201260,WR,Mason,Mason Tipton,Tipton,1.8624999523162842,8,5100,NO@ATL,NO,ATL,Q,Groin,,,,WR/FLEX
124949-63050,RB,Ty,Ty Johnson,Johnson,4.356249809265137,16,5100,NYJ@BUF,BUF,NYJ,,,,,,RB/FLEX
124949-92859,WR,Jalen,Jalen Nailor,Nailor,5.175000190734863,16,5100,GB@MIN,MIN,GB,,,,,,WR/FLEX
124949-110457,WR,Dontayvion,Dontayvion Wicks,Wicks,4.676923018235427,13,5100,GB@MIN,GB,MIN,Q,Concussion,,,,WR/FLEX
124949-64585,TE,Dawson,Dawson Knox,Knox,5.086666870117187,15,5000,NYJ@BUF,BUF,NYJ,,,,,,TE/FLEX
124949-105648,RB,Tyler,Tyler Goodson,Goodson,0.4333333439297146,9,5000,IND@HOU,IND,HOU,Q,Ankle,,,,RB/FLEX
124949-12554,D,Jacksonville,Jacksonville Jaguars,Jaguars,8.1875,16,5000,TEN@JAC,JAC,TEN,,,,,,DEF
124949-53562,RB,Nick,Nick Chubb,Chubb,5.4533335367838545,15,5000,IND@HOU,HOU,IND,,,,,,RB/FLEX
124949-87418,WR,Joshua,Joshua Palmer,Palmer,3.7000000693581323,11,5000,NYJ@BUF,BUF,NYJ,,,,,,WR/FLEX
124949-152007,WR,Jaylin,Jaylin Noel,Noel,3.3499999046325684,16,5000,IND@HOU,HOU,IND,,,,,,WR/FLEX
124949-113096,WR,Xavier,Xavier Smith,Smith,2.546666717529297,15,5000,ARI@LAR,LAR,ARI,,,,,,WR/FLEX
124949-60957,WR,KaVontae,KaVontae Turpin,Turpin,5.057143075125558,14,5000,DAL@NYG,DAL,NYG,,,,,,WR/FLEX
124949-110259,WR,Treylon,Treylon Burks,Burks,3.1142856052943637,7,5000,WAS@PHI,WAS,PHI,,,,,,WR/FLEX
124949-91931,TE,Greg,Greg Dulcich,Dulcich,5.650000095367432,8,5000,MIA@NE,MIA,NE,,,,,,TE/FLEX
124949-107293,RB,Tyjae,Tyjae Spears,Spears,6.916666666666667,12,5000,TEN@JAC,TEN,JAC,,,,,,RB/FLEX
124949-128810,TE,Theo,Theo Johnson,Johnson,7.020000203450521,15,5000,DAL@NYG,NYG,DAL,Q,Illness,,,,TE/FLEX
124949-155551,WR,Pat,Pat Bryant,Bryant,4.927272796630859,11,5000,LAC@DEN,DEN,LAC,Q,Concussion,,,,WR/FLEX
124949-56265,TE,Mike,Mike Gesicki,Gesicki,4.94545468417081,11,5000,CLE@CIN,CIN,CLE,,,,,,TE/FLEX
124949-71706,TE,T.J.,T.J. Hockenson,Hockenson,5.820000203450521,15,4900,GB@MIN,MIN,GB,Q,Shoulder,,,,TE/FLEX
124949-64581,WR,Van,Van Jefferson,Jefferson,3.9642857142857144,14,4900,TEN@JAC,TEN,JAC,O,Forearm,,,,WR/FLEX
124949-12556,D,Houston,Houston Texans,Texans,9.75,16,4900,IND@HOU,HOU,IND,,,,,,DEF
124949-151915,TE,Terrance,Terrance Ferguson,Ferguson,4.236363497647372,11,4900,ARI@LAR,LAR,ARI,,,,,,TE/FLEX
124949-56698,WR,Dante,Dante Pettis,Pettis,1.1166666348775227,6,4900,NO@ATL,NO,ATL,,,,,,WR/FLEX
124949-87432,WR,Cedric,Cedric Tillman,Tillman,4.245454614812678,11,4900,CLE@CIN,CLE,CIN,,,,,,WR/FLEX
124949-185863,RB,Hunter,Hunter Luepke,Luepke,2.5818181471391157,11,4900,DAL@NYG,DAL,NYG,,,,,,RB/FLEX
124949-113228,TE,Luke,Luke Musgrave,Musgrave,2.861538520226112,13,4900,GB@MIN,GB,MIN,,,,,,TE/FLEX
124949-147051,RB,Jaleel,Jaleel McLaughlin,McLaughlin,3.3000000544956754,7,4900,LAC@DEN,DEN,LAC,,,,,,RB/FLEX
124949-131835,WR,Efton,Efton Chism III,Chism III,1.5714285714285714,7,4900,MIA@NE,NE,MIA,,,,,,WR/FLEX
124949-41872,TE,Evan,Evan Engram,Engram,4.7866668701171875,15,4900,LAC@DEN,DEN,LAC,,,,,,TE/FLEX
124949-152520,RB,Will,Will Shipley,Shipley,0.8230769084050105,13,4900,WAS@PHI,PHI,WAS,,,,,,RB/FLEX
124949-119788,WR,Xavier,Xavier Hutchinson,Hutchinson,4.6399998982747395,15,4900,IND@HOU,HOU,IND,,,,,,WR/FLEX
124949-71705,TE,Noah,Noah Fant,Fant,4.899999936421712,12,4800,CLE@CIN,CIN,CLE,,,,,,TE/FLEX
124949-55335,TE,David,David Njoku,Njoku,6.345454822887074,11,4800,CLE@CIN,CLE,CIN,Q,Knee,,,,TE/FLEX
124949-168054,TE,Mason,Mason Taylor,Taylor,5.146153963529146,13,4800,NYJ@BUF,NYJ,BUF,Q,Neck,,,,TE/FLEX
124949-174245,WR,Isaiah,Isaiah Bond,Bond,3.107142857142857,14,4800,CLE@CIN,CLE,CIN,,,,,,WR/FLEX
124949-86229,WR,Jahan,Jahan Dotson,Dotson,2.5500000544956754,14,4800,WAS@PHI,PHI,WAS,,,,,,WR/FLEX
124949-12545,D,Philadelphia,Philadelphia Eagles,Eagles,8.1875,16,4800,WAS@PHI,PHI,WAS,,,,,,DEF
124949-87371,RB,Ty,Ty Chandler,Chandler,1.2000000476837158,2,4800,GB@MIN,MIN,GB,,,,,,RB/FLEX
124949-110978,RB,Evan,Evan Hull,Hull,0.9600000381469727,5,4800,NO@ATL,NO,ATL,,,,,,RB/FLEX
124949-80294,TE,Anthony,Anthony Firkser,Firkser,2.0250000953674316,4,4800,DET@CHI,DET,CHI,,,,,,TE/FLEX
124949-90583,WR,Tyrell,Tyrell Shavers,Shavers,3.8,10,4800,NYJ@BUF,BUF,NYJ,,,,,,WR/FLEX
124949-88548,WR,Jalen,Jalen Tolbert,Tolbert,3.7299999237060546,10,4800,DAL@NYG,DAL,NYG,,,,,,WR/FLEX
124949-70422,WR,Kalif,Kalif Raymond,Raymond,3.6999998826246996,13,4800,DET@CHI,DET,CHI,,,,,,WR/FLEX
124949-103195,WR,Jordan,Jordan Whittington,Whittington,1.9499999455043249,14,4800,ARI@LAR,LAR,ARI,,,,,,WR/FLEX
124949-166749,RB,LeQuint,LeQuint Allen Jr.,Allen Jr.,1.2374999523162842,16,4800,TEN@JAC,JAC,TEN,,,,,,RB/FLEX
124949-137265,TE,Ben,Ben Sinnott,Sinnott,3.085714340209961,7,4700,WAS@PHI,WAS,PHI,,,,,,TE/FLEX
124949-151740,RB,Corey,Corey Kiner,Kiner,1.5,3,4700,ARI@LAR,ARI,LAR,,,,,,RB/FLEX
124949-12541,D,New England,New England Patriots,Patriots,7.1875,16,4700,MIA@NE,NE,MIA,,,,,,DEF
124949-33047,WR,Chris,Chris Moore,Moore,3.3099998474121093,10,4700,WAS@PHI,WAS,PHI,,,,,,WR/FLEX
124949-94534,WR,Gabe,Gabe Davis,Davis,2.4600000381469727,5,4700,NYJ@BUF,BUF,NYJ,,,,,,WR/FLEX
124949-91578,RB,Zamir,Zamir White,White,1.524999976158142,4,4700,KC@LV,LV,KC,,,,,,RB/FLEX
124949-92677,RB,Zavier,Zavier Scott,Scott,3.3333333333333335,9,4700,GB@MIN,MIN,GB,,,,,,RB/FLEX
124949-226859,WR,Darius,Darius Cooper,Cooper,2.2249999046325684,4,4700,WAS@PHI,PHI,WAS,,,,,,WR/FLEX
124949-102986,TE,Elijah,Elijah Higgins,Higgins,2.7714285169328963,14,4700,ARI@LAR,ARI,LAR,,,,,,TE/FLEX
124949-92976,WR,Tutu,Tutu Atwell,Atwell,3.6857141767229353,7,4700,ARI@LAR,LAR,ARI,,,,,,WR/FLEX
124949-91047,TE,Cole,Cole Kmet,Kmet,3.9399998982747397,15,4700,DET@CHI,CHI,DET,,,,,,TE/FLEX
124949-166112,RB,Ollie,Ollie Gordon II,Gordon II,3.0625,16,4600,MIA@NE,MIA,NE,,,,,,RB/FLEX
124949-12531,D,Denver,Denver Broncos,Broncos,7.625,16,4600,LAC@DEN,DEN,LAC,,,,,,DEF
124949-102831,TE,Davis,Davis Allen,Allen,3.6285713740757535,14,4600,ARI@LAR,LAR,ARI,,,,,,TE/FLEX
124949-92606,WR,Bo,Bo Melton,Melton,2.01818188753995,11,4600,GB@MIN,GB,MIN,,,,,,WR/FLEX
124949-73247,RB,Kene,Kene Nwangwu,Nwangwu,1.0111111534966364,9,4600,NYJ@BUF,NYJ,BUF,,,,,,RB/FLEX
124949-103966,TE,Stone,Stone Smartt,Smartt,1.7399999618530273,5,4600,NYJ@BUF,NYJ,BUF,,,,,,TE/FLEX
124949-152148,TE,Gunnar,Gunnar Helm,Helm,4.356249809265137,16,4600,TEN@JAC,TEN,JAC,,,,,,TE/FLEX
124949-87668,WR,Shedrick,Shedrick Jackson,Jackson,6,2,4600,KC@LV,LV,KC,,,,,,WR/FLEX
124949-72412,RB,Khalil,Khalil Herbert,Herbert,0.25,4,4600,NYJ@BUF,NYJ,BUF,,,,,,RB/FLEX
124949-57091,WR,Tim,Tim Patrick,Patrick,3.6083332697550454,12,4600,TEN@JAC,JAC,TEN,,,,,,WR/FLEX
124949-91971,RB,Ronnie,Ronnie Rivers,Rivers,0.9199999809265137,5,4600,ARI@LAR,LAR,ARI,,,,,,RB/FLEX
124949-128913,WR,Malachi,Malachi Corley,Corley,1.9363635670055042,11,4600,CLE@CIN,CLE,CIN,,,,,,WR/FLEX
124949-128912,WR,Mitch,Mitch Tinsley,Tinsley,3.450000047683716,8,4600,CLE@CIN,CIN,CLE,,,,,,WR/FLEX
124949-28744,RB,Raheem,Raheem Mostert,Mostert,1.9499999682108562,12,4500,KC@LV,LV,KC,Q,Ankle,,,,RB/FLEX
124949-57543,RB,D'Ernest,D'Ernest Johnson,Johnson,0.30000001192092896,4,4500,MIA@NE,NE,MIA,,,,,,RB/FLEX
124949-12538,D,Los Angeles,Los Angeles Rams,Rams,8.125,16,4500,ARI@LAR,LAR,ARI,,,,,,DEF
124949-149832,TE,Shane,Shane Zylstra,Zylstra,3.5,1,4500,DET@CHI,DET,CHI,,,,,,TE/FLEX
124949-63907,TE,Josh,Josh Oliver,Oliver,3.9636362249200996,11,4500,GB@MIN,MIN,GB,,,,,,TE/FLEX
124949-112192,WR,Jonathan,Jonathan Mingo,Mingo,0.75,4,4500,DAL@NYG,DAL,NYG,,,,,,WR/FLEX
124949-87690,TE,Sal,Sal Cannella,Cannella,2.0999999046325684,1,4500,CLE@CIN,CLE,CIN,,,,,,TE/FLEX
124949-71351,TE,Charlie,Charlie Woerner,Woerner,1.100000023841858,8,4500,NO@ATL,ATL,NO,,,,,,TE/FLEX
124949-86800,TE,Colson,Colson Yankoff,Yankoff,0.699999988079071,4,4500,WAS@PHI,WAS,PHI,,,,,,TE/FLEX
124949-157467,WR,Keon,Keon Coleman,Coleman,7.136363636363637,11,4500,NYJ@BUF,BUF,NYJ,,,,,,WR/FLEX
124949-93055,WR,Isaiah,Isaiah Hodgins,Hodgins,4.5,5,4500,DAL@NYG,NYG,DAL,,,,,,WR/FLEX
124949-64389,WR,Nick,Nick Westbrook-Ikhine,Westbrook-Ikhine,1.309090874411843,11,4500,MIA@NE,MIA,NE,,,,,,WR/FLEX
124949-166801,RB,Jaydon,Jaydon Blue,Blue,1.875,4,4500,DAL@NYG,DAL,NYG,,,,,,RB/FLEX
124949-137122,RB,Tahj,Tahj Brooks,Brooks,0.737500011920929,8,4500,CLE@CIN,CIN,CLE,,,,,,RB/FLEX
124949-69581,WR,Cedrick,Cedrick Wilson Jr.,Wilson Jr.,1.3800000190734862,5,4500,MIA@NE,MIA,NE,,,,,,WR/FLEX
124949-111637,TE,Cade,Cade Stover,Stover,2.5,5,4400,IND@HOU,HOU,IND,,,,,,TE/FLEX
124949-64634,WR,Alex,Alex Bachman,Bachman,0.2200000047683716,10,4400,KC@LV,LV,KC,,,,,,WR/FLEX
124949-155775,RB,Brashard,Brashard Smith,Smith,2.75,16,4400,KC@LV,KC,LV,,,,,,RB/FLEX
124949-83117,TE,Tanner,Tanner Hudson,Hudson,3.8299999237060547,10,4400,CLE@CIN,CIN,CLE,,,,,,TE/FLEX
124949-40126,TE,Austin,Austin Hooper,Hooper,3.9833332697550454,12,4400,MIA@NE,NE,MIA,,,,,,TE/FLEX
124949-12526,D,Buffalo,Buffalo Bills,Bills,6.5625,16,4400,NYJ@BUF,BUF,NYJ,,,,,,DEF
124949-103694,RB,Ray,Ray Davis,Davis,2.168750047683716,16,4400,NYJ@BUF,BUF,NYJ,,,,,,RB/FLEX
124949-91417,TE,Luke,Luke Schoonmaker,Schoonmaker,1.4230769230769231,13,4400,DAL@NYG,DAL,NYG,,,,,,TE/FLEX
124949-93538,WR,Dyami,Dyami Brown,Brown,3.8400001525878906,10,4400,TEN@JAC,JAC,TEN,,,,,,WR/FLEX
124949-88575,WR,Elijah,Elijah Moore,Moore,2.677777820163303,9,4400,LAC@DEN,DEN,LAC,,,,,,WR/FLEX
124949-114252,WR,Xavier,Xavier Weaver,Weaver,1.4571428298950195,7,4400,ARI@LAR,ARI,LAR,,,,,,WR/FLEX
124949-200291,TE,Jackson,Jackson Hawes,Hawes,3.683333396911621,12,4400,NYJ@BUF,BUF,NYJ,,,,,,TE/FLEX
124949-94887,RB,Tyler,Tyler Badie,Badie,1.5928570883614677,14,4400,LAC@DEN,DEN,LAC,,,,,,RB/FLEX
124949-63186,WR,James,James Proche II,Proche II,1.7,5,4400,TEN@JAC,TEN,JAC,,,,,,WR/FLEX
124949-86747,WR,Dylan,Dylan Drummond,Drummond,1.9249999523162842,4,4400,NO@ATL,ATL,NO,,,,,,WR/FLEX
124949-87815,TE,Jeremy,Jeremy Ruckert,Ruckert,2.7230770404522238,13,4400,NYJ@BUF,NYJ,BUF,,,,,,TE/FLEX
124949-138028,RB,Kalel,Kalel Mullings,Mullings,0.23333332935969034,3,4400,TEN@JAC,TEN,JAC,,,,,,RB/FLEX
124949-120642,WR,Savion,Savion Williams,Williams,1.7083333333333333,12,4400,GB@MIN,GB,MIN,Q,Foot,,,,WR/FLEX
124949-41806,WR,Laquon,Laquon Treadwell,Treadwell,0,5,4400,IND@HOU,IND,HOU,,,,,,WR/FLEX
124949-94087,RB,DeeJay,DeeJay Dallas,Dallas,0.5249999761581421,4,4400,TEN@JAC,JAC,TEN,,,,,,RB/FLEX
124949-157609,WR,Gage,Gage Larvadain,Larvadain,0.809090874411843,11,4400,CLE@CIN,CLE,CIN,,,,,,WR/FLEX
124949-72705,TE,John,John Bates,Bates,1.6875,8,4300,WAS@PHI,WAS,PHI,,,,,,TE/FLEX
124949-87117,TE,Brenden,Brenden Bates,Bates,1.4249999523162842,4,4300,CLE@CIN,CLE,CIN,,,,,,TE/FLEX
124949-68712,WR,Tyler,Tyler Johnson,Johnson,3.5222223069932728,9,4300,NYJ@BUF,NYJ,BUF,,,,,,WR/FLEX
124949-168076,RB,Sione,Sione Vaki,Vaki,0.0800000011920929,5,4300,DET@CHI,DET,CHI,,,,,,RB/FLEX
124949-28827,RB,Dare,Dare Ogunbowale,Ogunbowale,1.7700000762939454,10,4300,IND@HOU,HOU,IND,,,,,,RB/FLEX
124949-90307,TE,Daniel,Daniel Bellinger,Bellinger,3.5727272033691406,11,4300,DAL@NYG,NYG,DAL,,,,,,TE/FLEX
124949-170184,RB,Julius,Julius Chestnut,Chestnut,0.3333333333333333,12,4300,TEN@JAC,TEN,JAC,,,,,,RB/FLEX
124949-130270,TE,Adam,Adam Trautman,Trautman,3.227272727272727,11,4300,LAC@DEN,DEN,LAC,,,,,,TE/FLEX
124949-12530,D,Dallas,Dallas Cowboys,Cowboys,3.5,16,4300,DAL@NYG,DAL,NYG,,,,,,DEF
124949-151909,WR,Dont'e,Dont'e Thornton Jr.,Thornton Jr.,1.85,10,4300,KC@LV,LV,KC,,,,,,WR/FLEX
124949-71032,WR,Devin,Devin Duvernay,Duvernay,0.22499999403953552,16,4300,DET@CHI,CHI,DET,,,,,,WR/FLEX
124949-56708,TE,Will,Will Dissly,Dissly,1.7625000476837158,8,4300,LAC@DEN,LAC,DEN,,,,,,TE/FLEX
124949-72182,WR,Dee,Dee Eskridge,Eskridge,0.5636363462968306,11,4300,MIA@NE,MIA,NE,IR,Toe,,,,WR/FLEX
124949-201230,RB,Dylan,Dylan Laube,Laube,0.26249998807907104,16,4300,KC@LV,LV,KC,,,,,,RB/FLEX
124949-88699,RB,Jaret,Jaret Patterson,Patterson,3.8,5,4300,LAC@DEN,LAC,DEN,,,,,,RB/FLEX
124949-86682,TE,Grant,Grant Calcaterra,Calcaterra,1.125,8,4300,WAS@PHI,PHI,WAS,,,,,,TE/FLEX
124949-147168,WR,Chris,Chris Blair,Blair,0,1,4300,NO@ATL,ATL,NO,,,,,,WR/FLEX
124949-128805,WR,KeAndre,KeAndre Lambert-Smith,Lambert-Smith,1.274999976158142,8,4300,LAC@DEN,LAC,DEN,,,,,,WR/FLEX
124949-112455,WR,Xavier,Xavier Gipson,Gipson,-0.40000001589457196,6,4300,DAL@NYG,NYG,DAL,,,,,,WR/FLEX
124949-65477,TE,Giovanni,Giovanni Ricci,Ricci,0,1,4300,DET@CHI,DET,CHI,,,,,,TE/FLEX
124949-24533,TE,Mo,Mo Alie-Cox,Alie-Cox,2.05,10,4300,IND@HOU,IND,HOU,,,,,,TE/FLEX
124949-90123,TE,Quintin,Quintin Morris,Morris,1.0714285714285714,7,4200,TEN@JAC,JAC,TEN,,,,,,TE/FLEX
124949-89185,TE,Ben,Ben Sims,Sims,1.100000023841858,2,4200,GB@MIN,MIN,GB,,,,,,TE/FLEX
124949-104577,WR,Gunner,Gunner Olszewski,Olszewski,0.9746666590372721,15,4200,DAL@NYG,NYG,DAL,,,,,,WR/FLEX
124949-86255,TE,Josh,Josh Whyle,Whyle,2.2399999618530275,5,4200,GB@MIN,GB,MIN,,,,,,TE/FLEX
124949-12533,D,Green Bay,Green Bay Packers,Packers,4.625,16,4200,GB@MIN,GB,MIN,,,,,,DEF
124949-94481,WR,Deven,Deven Thompkins,Thompkins,0.7833333015441895,6,4200,NO@ATL,ATL,NO,,,,,,WR/FLEX
124949-176467,WR,Jalen,Jalen Royals,Royals,0,1,4200,KC@LV,KC,LV,,,,,,WR/FLEX
124949-91488,RB,Chris,Chris Brooks,Brooks,1.4357143129621233,14,4200,GB@MIN,GB,MIN,,,,,,RB/FLEX
124949-56711,TE,Drew,Drew Sample,Sample,2.1200000762939455,10,4200,CLE@CIN,CIN,CLE,,,,,,TE/FLEX
124949-87469,TE,Jelani,Jelani Woods,Woods,0.44999998807907104,2,4200,NYJ@BUF,NYJ,BUF,,,,,,TE/FLEX
124949-104012,WR,Ashton,Ashton Dulin,Dulin,1.75,10,4200,IND@HOU,IND,HOU,,,,,,WR/FLEX
124949-69302,TE,Feleipe,Feleipe Franks,Franks,0.0800000011920929,5,4200,NO@ATL,ATL,NO,,,,,,TE/FLEX
124949-65231,RB,Adam,Adam Prentice,Prentice,1.0583333174387615,12,4200,LAC@DEN,DEN,LAC,,,,,,RB/FLEX
124949-71459,RB,Brittain,Brittain Brown,Brown,4.849999904632568,2,4200,DET@CHI,CHI,DET,,,,,,RB/FLEX
124949-72515,TE,Ian,Ian Thomas,Thomas,2.557142802647182,7,4200,KC@LV,LV,KC,,,,,,TE/FLEX
124949-85842,TE,Brevyn,Brevyn Spann-Ford,Spann-Ford,1.4090909090909092,11,4200,DAL@NYG,DAL,NYG,,,,,,TE/FLEX
124949-93026,TE,Teagan,Teagan Quitoriano,Quitoriano,0,1,4200,NO@ATL,ATL,NO,,,,,,TE/FLEX
124949-93107,RB,A.J.,A.J. Dillon,Dillon,1.3600000381469726,5,4200,WAS@PHI,PHI,WAS,,,,,,RB/FLEX
124949-93143,TE,Noah,Noah Gray,Gray,1.9833332697550456,12,4200,KC@LV,KC,LV,,,,,,TE/FLEX
124949-152537,WR,Tai,Tai Felton,Felton,0.5,8,4200,GB@MIN,MIN,GB,,,,,,WR/FLEX
124949-60451,TE,Tyler,Tyler Conklin,Conklin,2.5399999618530273,5,4100,LAC@DEN,LAC,DEN,,,,,,TE/FLEX
124949-42046,TE,Durham,Durham Smythe,Smythe,1.125,4,4100,DET@CHI,CHI,DET,,,,,,TE/FLEX
124949-63625,RB,Nyheim,Nyheim Miller-Hines,Miller-Hines,-0.06666666766007741,3,4100,NO@ATL,NO,ATL,,,,,,RB/FLEX
124949-54426,TE,Andrew,Andrew Beck,Beck,1.662500023841858,8,4100,NYJ@BUF,NYJ,BUF,,,,,,TE/FLEX
124949-170188,TE,Tanner,Tanner Conner,Conner,1.9428571973528181,7,4100,DAL@NYG,NYG,DAL,,,,,,TE/FLEX
124949-63717,RB,Alec,Alec Ingold,Ingold,1.162500023841858,8,4100,MIA@NE,MIA,NE,,,,,,RB/FLEX
124949-12527,D,Chicago,Chicago Bears,Bears,6.8125,16,4100,DET@CHI,CHI,DET,,,,,,DEF
124949-92479,TE,David,David Martin-Robinson,Martin-Robinson,1.5166667302449544,6,4100,TEN@JAC,TEN,JAC,,,,,,TE/FLEX
124949-151914,TE,Moliki,Moliki Matavao,Matavao,2,1,4100,NO@ATL,NO,ATL,,,,,,TE/FLEX
124949-90522,TE,Cameron,Cameron Latu,Latu,0,2,4100,WAS@PHI,PHI,WAS,,,,,,TE/FLEX
124949-71143,TE,Kylen,Kylen Granson,Granson,0.3125,8,4100,WAS@PHI,PHI,WAS,,,,,,TE/FLEX
124949-185850,TE,Julian,Julian Hill,Hill,2.220000076293945,10,4100,MIA@NE,MIA,NE,,,,,,TE/FLEX
124949-138786,WR,Malik,Malik Heath,Heath,2.3200000762939452,5,4100,NO@ATL,ATL,NO,,,,,,WR/FLEX
124949-173626,TE,Nate,Nate Adkins,Adkins,2.300000031789144,6,4100,LAC@DEN,DEN,LAC,Q,Knee,,,,TE/FLEX
124949-87634,TE,Blake,Blake Whiteheart,Whiteheart,0.1999999965940203,7,4100,CLE@CIN,CLE,CIN,,,,,,TE/FLEX
124949-138854,WR,Ke'Shawn,Ke'Shawn Williams,Williams,-0.0899999976158142,10,4100,CLE@CIN,CIN,CLE,,,,,,WR/FLEX
124949-61112,TE,Josiah,Josiah Deguara,Deguara,0.2750000059604645,4,4100,ARI@LAR,ARI,LAR,,,,,,TE/FLEX
124949-69451,TE,Jack,Jack Stoll,Stoll,1.7000000476837158,8,4100,NO@ATL,NO,ATL,Q,Knee,,,,TE/FLEX
124949-139094,WR,Jalin,Jalin Hyatt,Hyatt,0.8571428571428571,7,4100,DAL@NYG,NYG,DAL,,,,,,WR/FLEX
124949-201564,TE,Cam,Cam Grandy,Grandy,0.8500000238418579,2,4100,CLE@CIN,CIN,CLE,Q,Chest,,,,TE/FLEX
124949-94116,TE,Will,Will Mallory,Mallory,2.0999999046325684,1,4100,IND@HOU,IND,HOU,,,,,,TE/FLEX
124949-167849,TE,Zach,Zach Horton,Horton,,0,4100,DET@CHI,DET,CHI,,,,,,TE/FLEX
124949-137139,WR,Myles,Myles Price,Price,-0.375,16,4100,GB@MIN,MIN,GB,Q,Ankle,,,,WR/FLEX
124949-104388,WR,Tom,Tom Kennedy,Kennedy,1.1199999809265138,5,4100,DET@CHI,DET,CHI,,,,,,WR/FLEX
124949-92166,WR,Marcus,Marcus Jones,Jones,0.75,16,4000,MIA@NE,NE,MIA,,,,,,WR/FLEX
124949-41997,WR,River,River Cracraft,Cracraft,0,1,4000,WAS@PHI,WAS,PHI,,,,,,WR/FLEX
124949-156684,RB,Kye,Kye Robichaux,Robichaux,,0,4000,DET@CHI,DET,CHI,IR,Undisclosed,,,,RB/FLEX
124949-139284,RB,Frank,Frank Gore Jr.,Gore Jr.,,0,4000,NYJ@BUF,BUF,NYJ,,,,,,RB/FLEX
124949-110617,WR,Isaiah,Isaiah Neyor,Neyor,,0,4000,GB@MIN,GB,MIN,,,,,,WR/FLEX
124949-110616,TE,Treyton,Treyton Welch,Welch,,0,4000,NO@ATL,NO,ATL,,,,,,TE/FLEX
124949-137254,RB,Deuce,Deuce Vaughn,Vaughn,1.7166666984558105,6,4000,LAC@DEN,DEN,LAC,,,,,,RB/FLEX
124949-86055,RB,Dameon,Dameon Pierce,Pierce,0.6499999761581421,4,4000,KC@LV,KC,LV,,,,,,RB/FLEX
124949-138277,WR,Jalen,Jalen Brooks,Brooks,1.5333333015441895,3,4000,ARI@LAR,ARI,LAR,,,,,,WR/FLEX
124949-154661,WR,Michael,Michael Bandy,Bandy,2.75,4,4000,LAC@DEN,DEN,LAC,,,,,,WR/FLEX
124949-64555,WR,Calvin,Calvin Ridley,Ridley,5.971428462437221,7,4000,TEN@JAC,TEN,JAC,IR,Lower leg,,,,WR/FLEX
124949-88109,RB,Gary,Gary Brightwell,Brightwell,0,2,4000,CLE@CIN,CIN,CLE,,,,,,RB/FLEX
124949-152631,WR,Samori,Samori Toure,Toure,,0,4000,NO@ATL,NO,ATL,,,,,,WR/FLEX
124949-152628,TE,Thomas,Thomas Fidone II,Fidone II,,0,4000,DAL@NYG,NYG,DAL,IR,Foot,,,,TE/FLEX
124949-129081,RB,Ahmani,Ahmani Marshall,Marshall,,0,4000,CLE@CIN,CLE,CIN,,,,,,RB/FLEX
124949-86075,TE,Lucas,Lucas Krull,Krull,1.25,2,4000,LAC@DEN,DEN,LAC,IR,Foot,,,,TE/FLEX
124949-133180,TE,Ben,Ben Yurosek,Yurosek,0.5,2,4000,GB@MIN,MIN,GB,,,,,,TE/FLEX
124949-87109,WR,Bryce,Bryce Oliver,Oliver,1.2999999523162842,1,4000,TEN@JAC,TEN,JAC,IR,Knee,,,,WR/FLEX
124949-174148,RB,Carlos,Carlos Washington Jr.,Washington Jr.,,0,4000,NO@ATL,ATL,NO,,,,,,RB/FLEX
124949-72776,RB,Alexander,Alexander Mattison,Mattison,7.96000010172526,15,4000,MIA@NE,MIA,NE,IR,Neck,,,,RB/FLEX
124949-112715,WR,Joshua,Joshua Cephus,Cephus,,0,4000,TEN@JAC,JAC,TEN,IR,Undisclosed,,,,WR/FLEX
124949-170056,WR,Dee,Dee Williams,Williams,-0.5,12,4000,CLE@CIN,CLE,CIN,,,,,,WR/FLEX
124949-29780,TE,Zach,Zach Ertz,Ertz,8.030769348144531,13,4000,WAS@PHI,WAS,PHI,IR,Knee - acl,,,,TE/FLEX
124949-103511,WR,Devaughn,Devaughn Vele,Vele,5.977777693006727,9,4000,NO@ATL,NO,ATL,IR,Shoulder,,,,WR/FLEX
124949-65627,WR,Maurice,Maurice Alexander,Alexander,0,1,4000,DET@CHI,CHI,DET,,,,,,WR/FLEX
124949-42077,TE,James,James Winchester,Winchester,0,1,4000,KC@LV,KC,LV,,,,,,TE/FLEX
124949-86113,WR,Ihmir,Ihmir Smith-Marsette,Smith-Marsette,0.4,15,4000,DAL@NYG,NYG,DAL,,,,,,WR/FLEX
124949-114787,RB,Terrell,Terrell Jennings,Jennings,2.449999968210856,6,4000,MIA@NE,NE,MIA,IR,Concussion,,,,RB/FLEX
124949-86125,WR,Brandon,Brandon Smith,Smith,,0,4000,MIA@NE,NE,MIA,,,,,,WR/FLEX
124949-46200,TE,Daniel,Daniel Brunskill,Brunskill,0,1,4000,MIA@NE,MIA,NE,,,,,,TE/FLEX
124949-103547,WR,Luke,Luke McCaffrey,McCaffrey,5.088888804117839,9,4000,WAS@PHI,WAS,PHI,IR,Collarbone,,,,WR/FLEX
124949-129147,WR,John,John Saunders Jr.,Saunders Jr.,,0,4000,MIA@NE,NE,MIA,,,,,,WR/FLEX
124949-68730,TE,Sean,Sean McKeon,McKeon,,0,4000,IND@HOU,IND,HOU,,,,,,TE/FLEX
124949-80001,RB,Austin,Austin Ekeler,Ekeler,5.300000190734863,2,4000,WAS@PHI,WAS,PHI,IR,Achilles,,,,RB/FLEX
124949-89220,WR,Tyquan,Tyquan Thornton,Thornton,5.941666920979817,12,4000,KC@LV,KC,LV,IR,Concussion,,,,WR/FLEX
124949-83081,RB,Chase,Chase Edmonds,Edmonds,0,3,4000,WAS@PHI,WAS,PHI,,,,,,RB/FLEX
124949-94345,TE,Cole,Cole Turner,Turner,,0,4000,TEN@JAC,TEN,JAC,,,,,,TE/FLEX
124949-83083,WR,Justin,Justin Watson,Watson,2.25,2,4000,IND@HOU,HOU,IND,,,,,,WR/FLEX
124949-87179,TE,Thomas,Thomas Yassmin,Yassmin,,0,4000,LAC@DEN,LAC,DEN,,,,,,TE/FLEX
124949-95370,TE,Ryan,Ryan Miller,Miller,1.4857142312186105,7,4000,DAL@NYG,NYG,DAL,,,,,,TE/FLEX
124949-103564,WR,Garrett,Garrett Wilson,Wilson,11.642857142857142,7,4000,NYJ@BUF,NYJ,BUF,IR,Knee,,,,WR/FLEX
124949-112780,WR,Jamari,Jamari Thrash,Thrash,1.962499976158142,8,4000,CLE@CIN,CLE,CIN,,,,,,WR/FLEX
124949-152717,WR,Beaux,Beaux Collins,Collins,1.1666666666666667,3,4000,DAL@NYG,NYG,DAL,IR,Concussion,,,,WR/FLEX
124949-143509,TE,Caleb,Caleb Lohner,Lohner,,0,4000,LAC@DEN,DEN,LAC,,,,,,TE/FLEX
124949-94363,WR,Elijah,Elijah Cooks,Cooks,,0,4000,NO@ATL,NO,ATL,,,,,,WR/FLEX
124949-63646,TE,Lawrence,Lawrence Cager,Cager,,0,4000,WAS@PHI,WAS,PHI,,,,,,TE/FLEX
124949-135325,TE,Rivaldo,Rivaldo Fairweather,Fairweather,,0,4000,ARI@LAR,ARI,LAR,,,,,,TE/FLEX
124949-62628,WR,DeAndre,DeAndre Carter,Carter,0,4,4000,CLE@CIN,CLE,CIN,IR,Knee,,,,WR/FLEX
124949-71845,RB,Miles,Miles Sanders,Sanders,5.675000190734863,4,4000,DAL@NYG,DAL,NYG,IR,Knee,,,,RB/FLEX
124949-201903,WR,Coleman,Coleman Owen,Owen,0,2,4000,IND@HOU,IND,HOU,,,,,,WR/FLEX
124949-105646,TE,Sam,Sam LaPorta,LaPorta,9.655555725097656,9,4000,DET@CHI,DET,CHI,IR,Back,,,,TE/FLEX
124949-52409,RB,Jakob,Jakob Johnson,Johnson,,0,4000,IND@HOU,HOU,IND,,,,,,RB/FLEX
124949-86203,WR,Justin,Justin Shorter,Shorter,0,1,4000,KC@LV,LV,KC,,,,,,WR/FLEX
124949-151737,TE,E.J.,E.J. Jenkins,Jenkins,2.3999999364217124,3,4000,WAS@PHI,PHI,WAS,,,,,,TE/FLEX
124949-65724,RB,JaMycal,JaMycal Hasty,Hasty,2.1636362942782315,11,4000,MIA@NE,MIA,NE,,,,,,RB/FLEX
124949-131266,RB,Lan,Lan Larison,Larison,,0,4000,MIA@NE,NE,MIA,IR,Foot,,,,RB/FLEX
124949-129219,RB,Israel,Israel Abanikanda,Abanikanda,,0,4000,DAL@NYG,DAL,NYG,,,,,,RB/FLEX
124949-70859,TE,Albert,Albert Okwuegbunam Jr.,Okwuegbunam Jr.,6.099999904632568,1,4000,KC@LV,LV,KC,,,,,,TE/FLEX
124949-166095,RB,Cody,Cody Schrader,Schrader,0.4666666587193807,3,4000,LAC@DEN,DEN,LAC,,,,,,RB/FLEX
124949-149708,TE,Zach,Zach Davidson,Davidson,0.5,2,4000,DAL@NYG,NYG,DAL,,,,,,TE/FLEX
124949-151761,WR,Malik,Malik Nabers,Nabers,12.774999618530273,4,4000,DAL@NYG,NYG,DAL,IR,Knee - acl,,,,WR/FLEX
124949-104661,TE,Patrick,Patrick Herbert,Herbert,,0,4000,TEN@JAC,JAC,TEN,,,,,,TE/FLEX
124949-25813,WR,Phillip,Phillip Dorsett II,Dorsett II,,0,4000,KC@LV,LV,KC,,,,,,WR/FLEX
124949-129240,WR,Tyler,Tyler Scott,Scott,0.2,5,4000,ARI@LAR,LAR,ARI,,,,,,WR/FLEX
124949-95455,WR,D.J.,D.J. Montgomery,Montgomery,,0,4000,IND@HOU,IND,HOU,IR,Undisclosed,,,,WR/FLEX
124949-226525,WR,Chandler,Chandler Brayboy,Brayboy,,0,4000,TEN@JAC,JAC,TEN,,,,,,WR/FLEX
124949-91361,RB,Hassan,Hassan Haskins,Haskins,0.855555534362793,9,4000,LAC@DEN,LAC,DEN,Q,Head,,,,RB/FLEX
124949-93408,WR,Rondale,Rondale Moore,Moore,,0,4000,GB@MIN,MIN,GB,IR,Knee,,,,WR/FLEX
124949-120035,TE,Mark,Mark Redman,Redman,,0,4000,ARI@LAR,LAR,ARI,,,,,,TE/FLEX
124949-170208,WR,Kaden,Kaden Davis,Davis,0,1,4000,CLE@CIN,CLE,CIN,,,,,,WR/FLEX
124949-88290,WR,Jeshaun,Jeshaun Jones,Jones,,0,4000,GB@MIN,MIN,GB,,,,,,WR/FLEX
124949-169185,WR,Jamaal,Jamaal Pritchett,Pritchett,,0,4000,NYJ@BUF,NYJ,BUF,,,,,,WR/FLEX
124949-130276,WR,Mason,Mason Kinsey,Kinsey,1.933333396911621,3,4000,TEN@JAC,TEN,JAC,,,,,,WR/FLEX
124949-151794,TE,Brock,Brock Bowers,Bowers,12.516666412353516,12,4000,KC@LV,LV,KC,IR,Knee - pcl,,,,TE/FLEX
124949-110834,WR,Tahj,Tahj Washington,Washington,-0.4000000059604645,1,4000,MIA@NE,MIA,NE,,,,,,WR/FLEX
124949-12532,D,Detroit,Detroit Lions,Lions,5.8125,16,4000,DET@CHI,DET,CHI,,,,,,DEF
124949-151799,WR,Jackson,Jackson Meeks,Meeks,,0,4000,DET@CHI,DET,CHI,,,,,,WR/FLEX
124949-92413,RB,Elijah,Elijah Mitchell,Mitchell,0,1,4000,MIA@NE,NE,MIA,,,,,,RB/FLEX
124949-61693,TE,Danny,Danny Pinter,Pinter,0,1,4000,IND@HOU,IND,HOU,,,,,,TE/FLEX
124949-71935,WR,Kendric,Kendric Pryor,Pryor,1.399999976158142,1,4000,CLE@CIN,CIN,CLE,,,,,,WR/FLEX
124949-55552,RB,Jeff,Jeff Wilson Jr.,Wilson Jr.,1.1375000476837158,8,4000,MIA@NE,MIA,NE,,,,,,RB/FLEX
124949-91401,WR,Ronnie,Ronnie Bell,Bell,0,1,4000,NO@ATL,NO,ATL,,,,,,WR/FLEX
124949-52495,WR,Braxton,Braxton Berrios,Berrios,1.6749999523162842,4,4000,IND@HOU,HOU,IND,,,,,,WR/FLEX
124949-174355,WR,Jeremiah,Jeremiah Webb,Webb,,0,4000,MIA@NE,NE,MIA,,,,,,WR/FLEX
124949-71957,WR,Quintez,Quintez Cephus,Cephus,,0,4000,IND@HOU,HOU,IND,,,,,,WR/FLEX
124949-157975,TE,Keleki,Keleki Latu,Latu,0.44999998807907104,2,4000,NYJ@BUF,BUF,NYJ,,,,,,TE/FLEX
124949-129302,WR,Stephen,Stephen Gosnell,Gosnell,,0,4000,NYJ@BUF,BUF,NYJ,,,,,,WR/FLEX
124949-60712,TE,Foster,Foster Moreau,Moreau,1.3428570883614677,7,4000,NO@ATL,NO,ATL,IR,Ankle,,,,TE/FLEX
124949-91443,TE,McCallan,McCallan Castles,Castles,,0,4000,GB@MIN,GB,MIN,,,,,,TE/FLEX
124949-85306,WR,KhaDarel,KhaDarel Hodge,Hodge,0.9199999809265137,5,4000,NO@ATL,ATL,NO,IR,Shoulder,,,,WR/FLEX
124949-156997,WR,Tru,Tru Edwards,Edwards,,0,4000,ARI@LAR,LAR,ARI,,,,,,WR/FLEX
124949-91481,WR,Nikko,Nikko Remigio,Remigio,0.264285717691694,14,4000,KC@LV,KC,LV,IR,Knee,,,,WR/FLEX
124949-41305,WR,Zay,Zay Jones,Jones,4.049999872843425,6,4000,ARI@LAR,ARI,LAR,IR,Achilles,,,,WR/FLEX
124949-154971,RB,Devin,Devin Neal,Neal,5.722222222222222,9,4000,NO@ATL,NO,ATL,IR,Hamstring,,,,RB/FLEX
124949-89437,WR,Tim,Tim Jones,Jones,1,2,4000,TEN@JAC,JAC,TEN,,,,,,WR/FLEX
124949-137567,TE,Jalin,Jalin Conyers,Conyers,,0,4000,MIA@NE,MIA,NE,IR,Leg,,,,TE/FLEX
124949-133478,WR,Arian,Arian Smith,Smith,0.8166666825612386,12,4000,NYJ@BUF,NYJ,BUF,,,,,,WR/FLEX
124949-93540,RB,British,British Brooks,Brooks,0.25,6,4000,IND@HOU,HOU,IND,,,,,,RB/FLEX
124949-153957,TE,Zaire,Zaire Mitchell-Paden,Mitchell-Paden,0.9000000158945719,3,4000,NO@ATL,NO,ATL,Q,Knee,,,,TE/FLEX
124949-63851,TE,Tyree,Tyree Jackson,Jackson,,0,4000,WAS@PHI,WAS,PHI,IR,Undisclosed,,,,TE/FLEX
124949-63855,WR,K.J.,K.J. Osborn,Osborn,2.171428544180734,7,4000,NO@ATL,ATL,NO,,,,,,WR/FLEX
124949-90483,TE,Bernhard,Bernhard Raimann,Raimann,0,2,4000,IND@HOU,IND,HOU,,,,,,TE/FLEX
124949-92545,RB,Keaontay,Keaontay Ingram,Ingram,0,1,4000,KC@LV,KC,LV,IR,Undisclosed,,,,RB/FLEX
124949-110977,TE,Thomas,Thomas Gordon,Gordon,,0,4000,DET@CHI,CHI,DET,,,,,,TE/FLEX
124949-185728,TE,Patrick,Patrick Murtagh,Murtagh,,0,4000,LAC@DEN,DEN,LAC,,,,,,TE/FLEX
124949-52613,WR,Curtis,Curtis Samuel,Samuel,2.933333396911621,6,4000,NYJ@BUF,BUF,NYJ,IR,Elbow,,,,WR/FLEX
124949-114054,WR,Dalen,Dalen Cambre,Cambre,0,2,4000,DAL@NYG,NYG,DAL,,,,,,WR/FLEX
124949-64905,WR,Trenton,Trenton Irwin,Irwin,0.5,6,4000,NYJ@BUF,NYJ,BUF,,,,,,WR/FLEX
124949-183693,WR,Da'Quan,Da'Quan Felton,Felton,,0,4000,DAL@NYG,NYG,DAL,IR,Undisclosed,,,,WR/FLEX
124949-138643,WR,Jason,Jason Brownlee,Brownlee,0,1,4000,KC@LV,KC,LV,,,,,,WR/FLEX
124949-87442,TE,Princeton,Princeton Fant,Fant,0,2,4000,DAL@NYG,DAL,NYG,,,,,,TE/FLEX
124949-92573,TE,Travis,Travis Vokolek,Vokolek,0,1,4000,ARI@LAR,ARI,LAR,IR,Neck,,,,TE/FLEX
124949-94621,WR,Derius,Derius Davis,Davis,-0.06999999880790711,10,4000,LAC@DEN,LAC,DEN,Q,Ankle,,,,WR/FLEX
124949-114079,TE,Hayden,Hayden Rucci,Rucci,,0,4000,MIA@NE,MIA,NE,,,,,,TE/FLEX
124949-93600,WR,Bryce,Bryce Ford-Wheaton,Ford-Wheaton,0,1,4000,DAL@NYG,NYG,DAL,IR,Achilles,,,,WR/FLEX
124949-90533,RB,Jerome,Jerome Ford,Ford,2.353846183189979,13,4000,CLE@CIN,CLE,CIN,IR,Shoulder,,,,RB/FLEX
124949-112037,WR,Casey,Casey Washington,Washington,2.4799999237060546,5,4000,NO@ATL,ATL,NO,,,,,,WR/FLEX
124949-103844,WR,Nick,Nick Nash,Nash,,0,4000,NO@ATL,ATL,NO,,,,,,WR/FLEX
124949-60838,WR,Andre,Andre Baccellia,Baccellia,0.44999998807907104,4,4000,ARI@LAR,ARI,LAR,IR,Neck,,,,WR/FLEX
124949-112044,WR,Dalevon,Dalevon Campbell,Campbell,,0,4000,LAC@DEN,LAC,DEN,,,,,,WR/FLEX
124949-53681,WR,Tyreek,Tyreek Hill,Hill,11.5,4,4000,MIA@NE,MIA,NE,IR,Knee - acl,,,,WR/FLEX
124949-40371,TE,Johnny,Johnny Mundt,Mundt,1.35,10,4000,TEN@JAC,JAC,TEN,,,,,,TE/FLEX
124949-133558,WR,Luke,Luke Floriea,Floriea,,0,4000,CLE@CIN,CLE,CIN,,,,,,WR/FLEX
124949-129466,TE,Gee,Gee Scott Jr.,Scott Jr.,,0,4000,WAS@PHI,WAS,PHI,,,,,,TE/FLEX
124949-169410,RB,Quinshon,Quinshon Judkins,Judkins,11.414285932268415,14,4000,CLE@CIN,CLE,CIN,IR,Ankle,,,,RB/FLEX
124949-26057,RB,Michael,Michael Burton,Burton,2.209090839732777,11,4000,LAC@DEN,DEN,LAC,IR,Hamstring,,,,RB/FLEX
124949-152014,WR,JP,JP Richardson,Richardson,,0,4000,DET@CHI,CHI,DET,,,,,,WR/FLEX
124949-90575,RB,Najee,Najee Harris,Harris,3.366666793823242,3,4000,LAC@DEN,LAC,DEN,IR,Achilles,,,,RB/FLEX
124949-109007,WR,Josh,Josh Kelly,Kelly,,0,4000,IND@HOU,HOU,IND,,,,,,WR/FLEX
124949-109008,WR,Jalen,Jalen Cropper,Cropper,0,2,4000,DAL@NYG,DAL,NYG,,,,,,WR/FLEX
124949-54746,TE,Tyler,Tyler Ott,Ott,0,1,4000,WAS@PHI,WAS,PHI,,,,,,TE/FLEX
124949-80353,TE,Robert,Robert Tonyan,Tonyan,0.6000000238418579,1,4000,KC@LV,KC,LV,,,,,,TE/FLEX
124949-185827,RB,Jacob,Jacob Saylors,Saylors,0.1100000023841858,10,4000,DET@CHI,DET,CHI,,,,,,RB/FLEX
124949-91618,TE,John,John FitzPatrick,FitzPatrick,1.9200000762939453,10,4000,GB@MIN,GB,MIN,IR,Achilles,,,,TE/FLEX
124949-102882,WR,Anthony,Anthony Gould,Gould,0.1600000023841858,10,4000,IND@HOU,IND,HOU,IR,Foot,,,,WR/FLEX
124949-14820,RB,Nick,Nick Bellore,Bellore,0,7,4000,WAS@PHI,WAS,PHI,Q,Concussion,,,,RB/FLEX
124949-112101,WR,Jared,Jared Wayne,Wayne,3,1,4000,IND@HOU,HOU,IND,,,,,,WR/FLEX
124949-133615,WR,Dontae,Dontae Fleming,Fleming,,0,4000,GB@MIN,MIN,GB,,,,,,WR/FLEX
124949-193004,WR,Jahdae,Jahdae Walker,Walker,6.550000190734863,2,4000,DET@CHI,CHI,DET,,,,,,WR/FLEX
124949-89586,TE,Tucker,Tucker Fisk,Fisk,0.7250000238418579,4,4000,LAC@DEN,LAC,DEN,IR,Ankle,,,,TE/FLEX
124949-102902,WR,Trey,Trey Palmer,Palmer,2.085714340209961,14,4000,NO@ATL,NO,ATL,IR,Ankle,,,,WR/FLEX
124949-156152,WR,Tejhaun,Tejhaun Palmer,Palmer,,0,4000,ARI@LAR,ARI,LAR,,,,,,WR/FLEX
124949-113160,WR,Jakobie,Jakobie Keeney-James,Keeney-James,,0,4000,GB@MIN,GB,MIN,,,,,,WR/FLEX
124949-89613,WR,Simi,Simi Fehoko,Fehoko,0,1,4000,ARI@LAR,ARI,LAR,IR,Wrist,,,,WR/FLEX
124949-6672,TE,Marcedes,Marcedes Lewis,Lewis,0.3499999940395355,2,4000,LAC@DEN,DEN,LAC,,,,,,TE/FLEX
124949-102928,RB,Eric,Eric Gray,Gray,0,1,4000,DAL@NYG,NYG,DAL,,,,,,RB/FLEX
124949-62994,WR,Steven,Steven Sims,Sims,0,2,4000,ARI@LAR,ARI,LAR,,,,,,WR/FLEX
124949-128535,TE,Maximilian,Maximilian Mang,Mang,,0,4000,DAL@NYG,NYG,DAL,,,,,,TE/FLEX
124949-129560,WR,Xavier,Xavier Restrepo,Restrepo,2.799999952316284,2,4000,TEN@JAC,TEN,JAC,,,,,,WR/FLEX
124949-160287,RB,Amar,Amar Johnson,Johnson,0.800000011920929,1,4000,LAC@DEN,LAC,DEN,,,,,,RB/FLEX
124949-156197,TE,Bryson,Bryson Nesbit,Nesbit,,0,4000,GB@MIN,MIN,GB,,,,,,TE/FLEX
124949-160303,TE,Tucker,Tucker Kraft,Kraft,13.399999618530273,8,4000,GB@MIN,GB,MIN,IR,Knee - acl,,,,TE/FLEX
124949-160306,RB,Pierre,Pierre Strong Jr.,Strong Jr.,2.3500000635782876,12,4000,GB@MIN,GB,MIN,,,,,,RB/FLEX
124949-114224,WR,Kyrese,Kyrese Rowan,Rowan,,0,4000,LAC@DEN,DEN,LAC,,,,,,WR/FLEX
124949-226866,WR,Joaquin,Joaquin Davis,Davis,,0,4000,GB@MIN,MIN,GB,,,,,,WR/FLEX
124949-173631,RB,Dante,Dante Miller,Miller,,0,4000,DAL@NYG,NYG,DAL,,,,,,RB/FLEX
124949-226878,TE,Carter,Carter Runyon,Runyon,0.26666667064030963,3,4000,KC@LV,LV,KC,,,,,,TE/FLEX
124949-152128,WR,Dominic,Dominic Lovett,Lovett,0,1,4000,DET@CHI,DET,CHI,,,,,,WR/FLEX
124949-87621,WR,A.T.,A.T. Perry,Perry,,0,4000,LAC@DEN,DEN,LAC,,,,,,WR/FLEX
124949-104008,TE,Stephen,Stephen Carlson,Carlson,,0,4000,DET@CHI,CHI,DET,,,,,,TE/FLEX
124949-54863,WR,C.J.,C.J. Goodwin,Goodwin,0,11,4000,DAL@NYG,DAL,NYG,,,,,,WR/FLEX
124949-104019,TE,Matt,Matt Orzech,Orzech,0,1,4000,GB@MIN,GB,MIN,,,,,,TE/FLEX
124949-18009,TE,Chris,Chris Manhertz,Manhertz,0.6000000238418579,2,4000,DAL@NYG,NYG,DAL,,,,,,TE/FLEX
124949-152159,WR,Bryson,Bryson Green,Green,,0,4000,ARI@LAR,ARI,LAR,,,,,,WR/FLEX
124949-129641,WR,Will,Will Sheppard,Sheppard,,0,4000,GB@MIN,GB,MIN,,,,,,WR/FLEX
124949-147049,TE,Drew,Drew Ogletree,Ogletree,2.1399999618530274,5,4000,IND@HOU,IND,HOU,IR,Neck,,,,TE/FLEX
124949-88685,WR,Austin,Austin Trammell,Trammell,1.0166666507720947,6,4000,TEN@JAC,JAC,TEN,,,,,,WR/FLEX
124949-131694,TE,Luke,Luke Lachey,Lachey,,0,4000,IND@HOU,HOU,IND,,,,,,TE/FLEX
124949-94831,RB,Deneric,Deneric Prince,Prince,,0,4000,MIA@NE,NE,MIA,IR,Undisclosed,,,,RB/FLEX
124949-56947,TE,Chris,Chris Myarick,Myarick,,0,4000,MIA@NE,MIA,NE,,,,,,TE/FLEX
124949-201342,RB,Chris,Chris Collier,Collier,0.2166666587193807,6,4000,KC@LV,LV,KC,,,,,,RB/FLEX
124949-135812,WR,Quentin,Quentin Skinner,Skinner,,0,4000,NYJ@BUF,NYJ,BUF,,,,,,WR/FLEX
124949-26251,WR,Robbie,Robbie Chosen,Chosen,2.6000000635782876,3,4000,WAS@PHI,WAS,PHI,,,,,,WR/FLEX
124949-94864,RB,Jashaun,Jashaun Corbin,Corbin,,0,4000,MIA@NE,NE,MIA,,,,,,RB/FLEX
124949-64147,WR,Britain,Britain Covey,Covey,0,5,4000,WAS@PHI,PHI,WAS,,,,,,WR/FLEX
124949-136857,RB,Ja'Quinden,Ja'Quinden Jackson,Jackson,,0,4000,TEN@JAC,JAC,TEN,,,,,,RB/FLEX
124949-155293,RB,DJ,DJ Giddens,Giddens,1.649999976158142,4,4000,IND@HOU,IND,HOU,,,,,,RB/FLEX
124949-55970,RB,Royce,Royce Freeman,Freeman,,0,4000,LAC@DEN,LAC,DEN,,,,,,RB/FLEX
124949-137889,WR,Brennan,Brennan Presley,Presley,,0,4000,ARI@LAR,LAR,ARI,,,,,,WR/FLEX
124949-167588,WR,Jacoby,Jacoby Jones,Jones,3,1,4000,WAS@PHI,WAS,PHI,,,,,,WR/FLEX
124949-128681,TE,Caden,Caden Prieskorn,Prieskorn,,0,4000,CLE@CIN,CLE,CIN,,,,,,TE/FLEX
124949-85672,WR,Terrace,Terrace Marshall,Marshall,1.1199999809265138,5,4000,WAS@PHI,PHI,WAS,,,,,,WR/FLEX
124949-94888,TE,Messiah,Messiah Swinson,Swinson,,0,4000,ARI@LAR,ARI,LAR,,,,,,TE/FLEX
124949-152232,WR,Jordan,Jordan Moore,Moore,,0,4000,CLE@CIN,CIN,CLE,,,,,,WR/FLEX
124949-88752,WR,Charlie,Charlie Jones,Jones,0.46153846153846156,13,4000,CLE@CIN,CIN,CLE,Q,Ankle,,,,WR/FLEX
124949-87731,WR,Dominique,Dominique Robinson,Robinson,0,9,4000,DET@CHI,CHI,DET,,,,,,WR/FLEX
124949-25267,WR,Mack,Mack Hollins,Hollins,6.671428680419922,14,4000,MIA@NE,NE,MIA,IR,Abdomen,,,,WR/FLEX
124949-104117,TE,Joshua,Joshua Simon,Simon,,0,4000,NO@ATL,ATL,NO,,,,,,TE/FLEX
124949-110274,WR,Bub,Bub Means,Means,5.574999809265137,4,4000,NO@ATL,NO,ATL,IR,Lower leg,,,,WR/FLEX
124949-193226,TE,Mason,Mason Pline,Pline,,0,4000,NO@ATL,NO,ATL,IR,Upper body,,,,TE/FLEX
124949-160463,TE,Tanner,Tanner McLachlan,McLachlan,,0,4000,LAC@DEN,LAC,DEN,,,,,,TE/FLEX
124949-111311,WR,Rashee,Rashee Rice,Rice,15.824999809265137,8,4000,KC@LV,KC,LV,IR,Concussion,,,,WR/FLEX
124949-158412,RB,Braelon,Braelon Allen,Allen,3.575000047683716,4,4000,NYJ@BUF,NYJ,BUF,IR,Knee - mcl,,,,RB/FLEX
124949-156374,TE,Tre,Tre Watson,Watson,,0,4000,KC@LV,KC,LV,,,,,,TE/FLEX
124949-142042,RB,Trey,Trey Benson,Benson,7.224999904632568,4,4000,ARI@LAR,ARI,LAR,IR,Knee - meniscus,,,,RB/FLEX
124949-111325,RB,Ulysses,Ulysses Bentley IV,Bentley IV,0,1,4000,IND@HOU,IND,HOU,,,,,,RB/FLEX
124949-29411,TE,Pharaoh,Pharaoh Brown,Brown,0.36666667461395264,3,4000,ARI@LAR,ARI,LAR,,,,,,TE/FLEX
124949-87787,RB,J.K.,J.K. Dobbins,Dobbins,11.640000152587891,10,4000,LAC@DEN,DEN,LAC,IR,Foot,,,,RB/FLEX
124949-86762,TE,Jack,Jack Westover,Westover,0,1,4000,MIA@NE,NE,MIA,,,,,,TE/FLEX
124949-85741,RB,Clyde,Clyde Edwards-Helaire,Edwards-Helaire,1.600000023841858,2,4000,KC@LV,KC,LV,,,,,,RB/FLEX
124949-137966,WR,A.J.,A.J. Henning,Henning,,0,4000,MIA@NE,MIA,NE,O,Suspension,,,,WR/FLEX
124949-135916,WR,Brenden,Brenden Rice,Rice,,0,4000,KC@LV,LV,KC,,,,,,WR/FLEX
124949-40687,RB,James,James Conner,Conner,9.766666412353516,3,4000,ARI@LAR,ARI,LAR,IR,Foot,,,,RB/FLEX
124949-56059,WR,Trent,Trent Sherfield Sr.,Sherfield Sr.,0.8999999761581421,4,4000,ARI@LAR,ARI,LAR,,,,,,WR/FLEX
124949-128765,RB,Nathan,Nathan Carter,Carter,2,2,4000,NO@ATL,ATL,NO,,,,,,RB/FLEX
124949-86780,RB,Salvon,Salvon Ahmed,Ahmed,,0,4000,IND@HOU,IND,HOU,IR,Ankle,,,,RB/FLEX
124949-47870,TE,Tyler,Tyler Higbee,Higbee,5.125,8,4000,ARI@LAR,LAR,ARI,IR,Ankle,,,,TE/FLEX
124949-137990,TE,Tip,Tip Reiman,Reiman,1.099999984105428,3,4000,ARI@LAR,ARI,LAR,IR,Ankle,,,,TE/FLEX
124949-136970,WR,Danny,Danny Gray,Gray,0,1,4000,WAS@PHI,PHI,WAS,,,,,,WR/FLEX
124949-156426,RB,Brock,Brock Lampe,Lampe,,0,4000,MIA@NE,NE,MIA,IR,Undisclosed,,,,RB/FLEX
124949-103187,RB,Roschon,Roschon Johnson,Johnson,0.5666666825612386,3,4000,DET@CHI,CHI,DET,IR,Thumb,,,,RB/FLEX
124949-71444,RB,Travis,Travis Homer,Homer,-0.05000000074505806,4,4000,DET@CHI,CHI,DET,,,,,,RB/FLEX
124949-103192,TE,Jared,Jared Wiley,Wiley,0.8999999761581421,1,4000,KC@LV,KC,LV,,,,,,TE/FLEX
124949-70426,RB,Reggie,Reggie Gilliam,Gilliam,0.13999999761581422,5,4000,NYJ@BUF,BUF,NYJ,,,,,,RB/FLEX
124949-103214,WR,Eli,Eli Pancol,Pancol,,0,4000,IND@HOU,IND,HOU,,,,,,WR/FLEX
124949-90933,RB,Antonio,Antonio Gibson,Gibson,4.44000015258789,5,4000,MIA@NE,NE,MIA,IR,Knee - acl,,,,RB/FLEX
124949-137017,TE,Drake,Drake Dabney,Dabney,,0,4000,GB@MIN,GB,MIN,,,,,,TE/FLEX
124949-119619,WR,Traeshon,Traeshon Holden,Holden,,0,4000,DAL@NYG,DAL,NYG,,,,,,WR/FLEX
124949-58189,TE,Mitchell,Mitchell Fraboni,Fraboni,0,1,4000,LAC@DEN,DEN,LAC,,,,,,TE/FLEX
124949-158540,WR,Hal,Hal Presley III,Presley III,,0,4000,TEN@JAC,TEN,JAC,,,,,,WR/FLEX
124949-120657,RB,Kendre,Kendre Miller,Miller,4.399999891008649,7,4000,NO@ATL,NO,ATL,IR,Knee - acl,,,,RB/FLEX
124949-201553,WR,John,John Jiles,Jiles,,0,4000,MIA@NE,NE,MIA,,,,,,WR/FLEX
124949-91989,RB,Jordan,Jordan Mims,Mims,2.8714286259242465,7,4000,TEN@JAC,TEN,JAC,,,,,,RB/FLEX
124949-103252,RB,Zonovan,Zonovan Knight,Knight,6.825000127156575,12,4000,ARI@LAR,ARI,LAR,IR,Ankle,,,,RB/FLEX
124949-93023,RB,Jermar,Jermar Jefferson,Jefferson,1.850000023841858,2,4000,ARI@LAR,ARI,LAR,,,,,,RB/FLEX
124949-70501,RB,C.J.,C.J. Ham,Ham,1.2333333492279053,6,4000,GB@MIN,MIN,GB,,,,,,RB/FLEX
124949-114532,RB,Deion,Deion Hankins,Hankins,,0,4000,DET@CHI,CHI,DET,IR,Quadriceps,,,,RB/FLEX
124949-192359,WR,JaQuae,JaQuae Jackson,Jackson,,0,4000,LAC@DEN,LAC,DEN,,,,,,WR/FLEX
124949-139114,RB,Jabari,Jabari Small,Small,,0,4000,DET@CHI,DET,CHI,,,,,,RB/FLEX
124949-53097,WR,Josh,Josh Reynolds,Reynolds,3.5200000762939454,5,4000,NYJ@BUF,NYJ,BUF,IR,Hip,,,,WR/FLEX
124949-156523,RB,Carson,Carson Steele,Steele,1.569230739886944,13,4000,KC@LV,KC,LV,,,,,,RB/FLEX
124949-120694,WR,Ja'Lynn,Ja'Lynn Polk,Polk,2.053846212533804,13,4000,NO@ATL,NO,ATL,IR,Shoulder,,,,WR/FLEX
124949-119672,RB,Kendall,Kendall Milton,Milton,0.20000000298023224,1,4000,CLE@CIN,CIN,CLE,,,,,,RB/FLEX
124949-184184,WR,Travis,Travis Hunter,Hunter,7.5428570338657925,7,4000,TEN@JAC,JAC,TEN,IR,Knee,,,,WR/FLEX
124949-23435,TE,Andrew,Andrew DePaola,DePaola,,0,4000,GB@MIN,MIN,GB,,,,,,TE/FLEX
124949-94094,TE,Brevin,Brevin Jordan,Jordan,0.8500000238418579,2,4000,IND@HOU,HOU,IND,IR,Knee,,,,TE/FLEX
124949-119697,RB,MarShawn,MarShawn Lloyd,Lloyd,2.299999952316284,1,4000,GB@MIN,GB,MIN,IR,Hamstring,,,,RB/FLEX
124949-93075,TE,Hunter,Hunter Long,Long,3.7857142857142856,7,4000,TEN@JAC,JAC,TEN,,,,,,TE/FLEX
124949-28570,TE,Nick,Nick Vannett,Vannett,3.3333333333333335,12,4000,ARI@LAR,LAR,ARI,,,,,,TE/FLEX
124949-114591,TE,William,William Wagner,Wagner,,0,4000,CLE@CIN,CIN,CLE,,,,,,TE/FLEX
124949-91046,TE,Brock,Brock Wright,Wright,4.257142748151507,7,4000,DET@CHI,DET,CHI,IR,Neck,,,,TE/FLEX
124949-119722,WR,Johnny,Johnny Wilson,Wilson,1.2300000190734863,10,4000,WAS@PHI,PHI,WAS,IR,Knee,,,,WR/FLEX
124949-119730,WR,Jimmy,Jimmy Holiday,Holiday,,0,4000,KC@LV,KC,LV,,,,,,WR/FLEX
124949-156596,RB,Jarquez,Jarquez Hunter,Hunter,,0,4000,ARI@LAR,LAR,ARI,,,,,,RB/FLEX
124949-69558,WR,Greg,Greg Dortch,Dortch,5.049999872843425,12,4000,ARI@LAR,ARI,LAR,IR,Chest,,,,WR/FLEX
124949-56248,WR,Noah,Noah Brown,Brown,2.700000047683716,4,4000,WAS@PHI,WAS,PHI,IR,Ribs,,,,WR/FLEX
124949-56262,WR,Parris,Parris Campbell,Campbell,2.4,5,4000,DAL@NYG,DAL,NYG,,,,,,WR/FLEX
124949-70601,TE,Harrison,Harrison Bryant,Bryant,0.42500001192092896,4,4000,IND@HOU,HOU,IND,,,,,,TE/FLEX
124949-152522,RB,Phil,Phil Mafah,Mafah,,0,4000,DAL@NYG,DAL,NYG,IR,Shoulder,,,,RB/FLEX
124949-183240,RB,Cam,Cam Skattebo,Skattebo,14.462499618530273,8,4000,DAL@NYG,NYG,DAL,IR,Ankle,,,,RB/FLEX
124949-152526,TE,Jake,Jake Briningstool,Briningstool,,0,4000,KC@LV,KC,LV,IR,Hamstring,,,,TE/FLEX
124949-95184,WR,Xavier,Xavier Johnson,Johnson,,0,4000,CLE@CIN,CIN,CLE,,,,,,WR/FLEX
124949-169937,WR,Lance,Lance McCutcheon,McCutcheon,,0,4000,TEN@JAC,TEN,JAC,,,,,,WR/FLEX
124949-73687,WR,Quez,Quez Watkins,Watkins,,0,4000,WAS@PHI,PHI,WAS,Q,Undisclosed,,,,WR/FLEX
124949-128986,WR,Jaylin,Jaylin Lane,Lane,2.942857197352818,14,4000,WAS@PHI,WAS,PHI,IR,Ankle,,,,WR/FLEX
124949-152540,TE,CJ,CJ Dippre,Dippre,,0,4000,MIA@NE,NE,MIA,,,,,,TE/FLEX
124949-71662,WR,DJ,DJ Turner,Turner,3.258333206176758,12,4000,KC@LV,LV,KC,,,,,,WR/FLEX
124949-57338,TE,Jordan,Jordan Akins,Akins,4.4375,16,4000,TEN@JAC,JAC,TEN,,,,,,TE/FLEX
124949-152574,RB,Donovan,Donovan Edwards,Edwards,,0,4000,WAS@PHI,WAS,PHI,,,,,,RB/FLEX
124949-96254,TE,Nick,Nick Muse,Muse,0,2,4000,NYJ@BUF,NYJ,BUF,,,,,,TE/FLEX
124949-12528,D,Cincinnati,Cincinnati Bengals,Bengals,4.3125,16,3900,CLE@CIN,CIN,CLE,,,,,,DEF
124949-12542,D,New Orleans,New Orleans Saints,Saints,7,16,3800,NO@ATL,NO,ATL,,,,,,DEF
124949-12536,D,Kansas City,Kansas City Chiefs,Chiefs,5.0625,16,3700,KC@LV,KC,LV,,,,,,DEF
124949-12529,D,Cleveland,Cleveland Browns,Browns,7.0625,16,3600,CLE@CIN,CLE,CIN,,,,,,DEF
124949-12540,D,Minnesota,Minnesota Vikings,Vikings,7.8125,16,3500,GB@MIN,MIN,GB,,,,,,DEF
124949-12548,D,Los Angeles,Los Angeles Chargers,Chargers,6.625,16,3500,LAC@DEN,LAC,DEN,,,,,,DEF
124949-12525,D,Atlanta,Atlanta Falcons,Falcons,7.125,16,3400,NO@ATL,ATL,NO,,,,,,DEF
124949-12535,D,Indianapolis,Indianapolis Colts,Colts,6.25,16,3300,IND@HOU,IND,HOU,,,,,,DEF
124949-12539,D,Miami,Miami Dolphins,Dolphins,6.3125,16,3300,MIA@NE,MIA,NE,,,,,,DEF
124949-12543,D,New York,New York Giants,Giants,4.625,16,3200,DAL@NYG,NYG,DAL,,,,,,DEF
124949-12552,D,Washington,Washington Commanders,Commanders,4.375,16,3200,WAS@PHI,WAS,PHI,,,,,,DEF
124949-12534,D,Tennessee,Tennessee Titans,Titans,5.5625,16,3100,TEN@JAC,TEN,JAC,,,,,,DEF
124949-12537,D,Las Vegas,Las Vegas Raiders,Raiders,3.625,16,3100,KC@LV,LV,KC,,,,,,DEF
124949-12544,D,New York,New York Jets,Jets,3.1875,16,3000,NYJ@BUF,NYJ,BUF,,,,,,DEF
124949-12546,D,Arizona,Arizona Cardinals,Cardinals,5,16,3000,ARI@LAR,ARI,LAR,,,,,,DEF